Plot_names,EAST,NORTH,Year,District,Township,Zone
N181974E1971996,181974,1971996,2011,Thayarwaddy,Tharrawaddy,47
N182002E1970008,182002,1970008,2011,Thayarwaddy,Tharrawaddy,47
N182004E1962006,182004,1962006,2011,Thayarwaddy,Tharrawaddy,47
N182009E1964004,182009,1964004,2011,Thayarwaddy,Tharrawaddy,47
N182232E1974110,182232,1974110,2011,Thayarwaddy,Tharrawaddy,47
N182246E1977268,182246,1977268,2011,Thayarwaddy,Tharrawaddy,47
N183934E1999962,183934,1999962,2011,Thayarwaddy,Letpadan,47
N183938E2028020,183938,2028020,2011,Thayarwaddy,Gyobingauk,47
N183948E2022059,183948,2022059,2011,Thayarwaddy,Okpo,47
N183955E1988182,183955,1988182,2011,Thayarwaddy,Letpadan,47
N183982E2003977,183982,2003977,2011,Thayarwaddy,Letpadan,47
N183982E2020114,183982,2020114,2011,Thayarwaddy,Okpo,47
N183985E2006008,183985,2006008,2011,Thayarwaddy,Okpo,47
N183987E2025978,183987,2025978,2011,Thayarwaddy,Gyobingauk,47
N183994E1975992,183994,1975992,2011,Thayarwaddy,Tharrawaddy,47
N183994E1981998,183994,1981998,2011,Thayarwaddy,Tharrawaddy,47
N183996E1993975,183996,1993975,2011,Thayarwaddy,Letpadan,47
N183996E2001978,183996,2001978,2011,Thayarwaddy,Letpadan,47
N183997E1992172,183997,1992172,2011,Thayarwaddy,Letpadan,47
N183998E1984004,183998,1984004,2011,Thayarwaddy,Letpadan,47
N183998E1998020,183998,1998020,2011,Thayarwaddy,Letpadan,47
N184000E2010001,184000,2010001,2011,Thayarwaddy,Okpo,47
N184000E2011998,184000,2011998,2011,Thayarwaddy,Okpo,47
N184003E1971985,184003,1971985,2011,Thayarwaddy,Tharrawaddy,47
N184006E2023961,184006,2023961,2011,Thayarwaddy,Gyobingauk,47
N184008E1985981,184008,1985981,2011,Thayarwaddy,Letpadan,47
N184010E1967997,184010,1967997,2011,Thayarwaddy,Tharrawaddy,47
N184011E1990118,184011,1990118,2011,Thayarwaddy,Letpadan,47
N184014E1969991,184014,1969991,2011,Thayarwaddy,Tharrawaddy,47
N184014E1979998,184014,1979998,2011,Thayarwaddy,Tharrawaddy,47
N184017E1974020,184017,1974020,2011,Thayarwaddy,Tharrawaddy,47
N184023E1996010,184023,1996010,2011,Thayarwaddy,Letpadan,47
N184024E1978019,184024,1978019,2011,Thayarwaddy,Tharrawaddy,47
N184034E2016060,184034,2016060,2011,Thayarwaddy,Okpo,47
N184041E2030113,184041,2030113,2011,Thayarwaddy,Gyobingauk,47
N184042E2018076,184042,2018076,2011,Thayarwaddy,Okpo,47
N184043E2008087,184043,2008087,2011,Thayarwaddy,Okpo,47
N184098E2014108,184098,2014108,2011,Thayarwaddy,Okpo,47
N185000E2043000,185000,2043000,2010,Taunggoo,Phyu,47
N185000E2045000,185000,2045000,2010,Taunggoo,Phyu,47
N185000E2047000,185000,2047000,2010,Taunggoo,Phyu,47
N185000E2049000,185000,2049000,2010,Taunggoo,Phyu,47
N185000E2051000,185000,2051000,2010,Taunggoo,Phyu,47
N185000E2053000,185000,2053000,2010,Taunggoo,Phyu,47
N185000E2055000,185000,2055000,2010,Taunggoo,Phyu,47
N185000E2057000,185000,2057000,2010,Taunggoo,Phyu,47
N185000E2059000,185000,2059000,2010,Taunggoo,Phyu,47
N185000E2061000,185000,2061000,2010,Taunggoo,Phyu,47
N185000E2063000,185000,2063000,2010,Taunggoo,Phyu,47
N185000E2065000,185000,2065000,2010,Taunggoo,Phyu,47
N185000E2067000,185000,2067000,2010,Taunggoo,Phyu,47
N185000E2069000,185000,2069000,2010,Taunggoo,Phyu,47
N185000E2071000,185000,2071000,2010,Taunggoo,Phyu,47
N185000E2073000,185000,2073000,2010,Taunggoo,Phyu,47
N185000E2075000,185000,2075000,2010,Taunggoo,Oktwin,47
N185000E2077000,185000,2077000,2010,Taunggoo,Oktwin,47
N185000E2079000,185000,2079000,2010,Taunggoo,Oktwin,47
N185000E2081000,185000,2081000,2010,Taunggoo,Oktwin,47
N185000E2083000,185000,2083000,2010,Taunggoo,Oktwin,47
N185000E2085000,185000,2085000,2010,Taunggoo,Oktwin,47
N185000E2087000,185000,2087000,2010,Taunggoo,Oktwin,47
N185000E2089000,185000,2089000,2010,Taunggoo,Oktwin,47
N185000E2091000,185000,2091000,2010,Taunggoo,Oktwin,47
N185000E2093000,185000,2093000,2010,Taunggoo,Taunggoo,47
N185000E2095000,185000,2095000,2010,Taunggoo,Taunggoo,47
N185000E2101000,185000,2101000,2010,Taunggoo,Taunggoo,47
N185000E2103000,185000,2103000,2010,Taunggoo,Taunggoo,47
N185000E2105000,185000,2105000,2010,Taunggoo,Taunggoo,47
N185000E2107000,185000,2107000,2010,Taunggoo,Taunggoo,47
N185000E2109000,185000,2109000,2010,Taunggoo,Taunggoo,47
N185000E2111000,185000,2111000,2010,Taunggoo,Yedashe,47
N185000E2113000,185000,2113000,2010,Taunggoo,Yedashe,47
N185000E2115000,185000,2115000,2010,Taunggoo,Yedashe,47
N185000E2117000,185000,2117000,2010,Taunggoo,Yedashe,47
N185000E2119000,185000,2119000,2010,Taunggoo,Yedashe,47
N185000E2121000,185000,2121000,2010,Taunggoo,Yedashe,47
N185000E2123000,185000,2123000,2010,Taunggoo,Yedashe,47
N185000E2125000,185000,2125000,2010,Taunggoo,Yedashe,47
N185000E2131000,185000,2131000,2010,Taunggoo,Yedashe,47
N185000E2133000,185000,2133000,2010,Taunggoo,Yedashe,47
N185000E2135000,185000,2135000,2010,Taunggoo,Yedashe,47
N185000E2137000,185000,2137000,2010,Taunggoo,Yedashe,47
N185000E2139000,185000,2139000,2010,Taunggoo,Yedashe,47
N185000E2141000,185000,2141000,2010,Taunggoo,Yedashe,47
N185000E2197000,185000,2197000,2010,Taunggoo,Taunggoo,47
N185000E2199000,185000,2199000,2010,Taunggoo,Taunggoo,47
N185590E1983682,185590,1983682,2011,Thayarwaddy,Letpadan,47
N185877E1985989,185877,1985989,2011,Thayarwaddy,Letpadan,47
N185901E2024018,185901,2024018,2011,Thayarwaddy,Gyobingauk,47
N185935E2004972,185935,2004972,2011,Thayarwaddy,Okpo,47
N185974E1981998,185974,1981998,2011,Thayarwaddy,Tharrawaddy,47
N185985E2004018,185985,2004018,2011,Thayarwaddy,Letpadan,47
N185986E2008025,185986,2008025,2011,Thayarwaddy,Okpo,47
N185993E1969997,185993,1969997,2011,Thayarwaddy,Tharrawaddy,47
N185997E1992005,185997,1992005,2011,Thayarwaddy,Letpadan,47
N185998E1971974,185998,1971974,2011,Thayarwaddy,Tharrawaddy,47
N185999E2009998,185999,2009998,2011,Thayarwaddy,Okpo,47
N186000E1990000,186000,1990000,2011,Thayarwaddy,Letpadan,47
N186000E2026000,186000,2026000,2011,Thayarwaddy,Gyobingauk,47
N186004E1997982,186004,1997982,2011,Thayarwaddy,Letpadan,47
N186009E1996014,186009,1996014,2011,Thayarwaddy,Letpadan,47
N186013E1992005,186013,1992005,2011,Thayarwaddy,Letpadan,47
N186016E1976014,186016,1976014,2011,Thayarwaddy,Tharrawaddy,47
N186016E2001992,186016,2001992,2011,Thayarwaddy,Letpadan,47
N186021E1973991,186021,1973991,2011,Thayarwaddy,Tharrawaddy,47
N186022E2000141,186022,2000141,2011,Thayarwaddy,Letpadan,47
N186024E1993992,186024,1993992,2011,Thayarwaddy,Letpadan,47
N186027E2006092,186027,2006092,2011,Thayarwaddy,Okpo,47
N186064E2020093,186064,2020093,2011,Thayarwaddy,Okpo,47
N186102E2016032,186102,2016032,2011,Thayarwaddy,Okpo,47
N186107E2017908,186107,2017908,2011,Thayarwaddy,Okpo,47
N186236E1979838,186236,1979838,2011,Thayarwaddy,Tharrawaddy,47
N186253E1978042,186253,1978042,2011,Thayarwaddy,Tharrawaddy,47
N186259E2012379,186259,2012379,2011,Thayarwaddy,Okpo,47
N186994E2131004,186994,2131004,2010,Taunggoo,Yedashe,47
N187000E2045000,187000,2045000,2010,Taunggoo,Phyu,47
N187000E2047000,187000,2047000,2010,Taunggoo,Phyu,47
N187000E2049000,187000,2049000,2010,Taunggoo,Phyu,47
N187000E2051000,187000,2051000,2010,Taunggoo,Phyu,47
N187000E2055000,187000,2055000,2010,Taunggoo,Phyu,47
N187000E2057000,187000,2057000,2010,Taunggoo,Phyu,47
N187000E2058000,187000,2058000,2010,Taunggoo,Phyu,47
N187000E2059000,187000,2059000,2010,Taunggoo,Phyu,47
N187000E2061000,187000,2061000,2010,Taunggoo,Phyu,47
N187000E2063000,187000,2063000,2010,Taunggoo,Phyu,47
N187000E2065000,187000,2065000,2010,Taunggoo,Phyu,47
N187000E2067000,187000,2067000,2010,Taunggoo,Phyu,47
N187000E2069000,187000,2069000,2010,Taunggoo,Phyu,47
N187000E2071000,187000,2071000,2010,Taunggoo,Phyu,47
N187000E2073000,187000,2073000,2010,Taunggoo,Oktwin,47
N187000E2075000,187000,2075000,2010,Taunggoo,Oktwin,47
N187000E2077000,187000,2077000,2010,Taunggoo,Oktwin,47
N187000E2079000,187000,2079000,2010,Taunggoo,Oktwin,47
N187000E2081000,187000,2081000,2010,Taunggoo,Oktwin,47
N187000E2083000,187000,2083000,2010,Taunggoo,Oktwin,47
N187000E2087000,187000,2087000,2010,Taunggoo,Oktwin,47
N187000E2089000,187000,2089000,2010,Taunggoo,Oktwin,47
N187000E2091000,187000,2091000,2010,Taunggoo,Oktwin,47
N187000E2097000,187000,2097000,2010,Taunggoo,Taunggoo,47
N187000E2099000,187000,2099000,2010,Taunggoo,Taunggoo,47
N187000E2101000,187000,2101000,2010,Taunggoo,Taunggoo,47
N187000E2103000,187000,2103000,2010,Taunggoo,Taunggoo,47
N187000E2105000,187000,2105000,2010,Taunggoo,Taunggoo,47
N187000E2107000,187000,2107000,2010,Taunggoo,Taunggoo,47
N187000E2109000,187000,2109000,2010,Taunggoo,Taunggoo,47
N187000E2111000,187000,2111000,2010,Taunggoo,Taunggoo,47
N187000E2113000,187000,2113000,2010,Taunggoo,Yedashe,47
N187000E2115000,187000,2115000,2010,Taunggoo,Yedashe,47
N187000E2117000,187000,2117000,2010,Taunggoo,Yedashe,47
N187000E2119000,187000,2119000,2010,Taunggoo,Yedashe,47
N187000E2121000,187000,2121000,2010,Taunggoo,Yedashe,47
N187000E2123000,187000,2123000,2010,Taunggoo,Yedashe,47
N187000E2133000,187000,2133000,2010,Taunggoo,Yedashe,47
N187000E2135000,187000,2135000,2010,Taunggoo,Yedashe,47
N187000E2137000,187000,2137000,2010,Taunggoo,Yedashe,47
N187000E2141000,187000,2141000,2010,Taunggoo,Yedashe,47
N187000E2145000,187000,2145000,2010,Taunggoo,Yedashe,47
N187000E2149000,187000,2149000,2010,Taunggoo,Yedashe,47
N187000E2153000,187000,2153000,2010,Taunggoo,Yedashe,47
N187000E2193000,187000,2193000,2010,Taunggoo,Taunggoo,47
N187000E2195000,187000,2195000,2010,Taunggoo,Taunggoo,47
N187000E2197000,187000,2197000,2010,Taunggoo,Taunggoo,47
N187945E2001926,187945,2001926,2011,Thayarwaddy,Letpadan,47
N187951E1988112,187951,1988112,2011,Thayarwaddy,Letpadan,47
N187974E1969997,187974,1969997,2011,Thayarwaddy,Tharrawaddy,47
N187978E2000022,187978,2000022,2011,Thayarwaddy,Letpadan,47
N187982E1972110,187982,1972110,2011,Thayarwaddy,Tharrawaddy,47
N187998E2003996,187998,2003996,2011,Thayarwaddy,Letpadan,47
N188000E2021016,188000,2021016,2011,Thayarwaddy,Okpo,47
N188001E1996012,188001,1996012,2011,Thayarwaddy,Letpadan,47
N188003E1990002,188003,1990002,2011,Thayarwaddy,Letpadan,47
N188004E2021898,188004,2021898,2011,Thayarwaddy,Okpo,47
N188006E1993975,188006,1993975,2011,Thayarwaddy,Letpadan,47
N188011E2007953,188011,2007953,2011,Thayarwaddy,Okpo,47
N188017E1976020,188017,1976020,2011,Thayarwaddy,Tharrawaddy,47
N188027E1973995,188027,1973995,2011,Thayarwaddy,Tharrawaddy,47
N188037E2014062,188037,2014062,2011,Thayarwaddy,Okpo,47
N188051E2006037,188051,2006037,2011,Thayarwaddy,Okpo,47
N188053E2010002,188053,2010002,2011,Thayarwaddy,Okpo,47
N188067E2018101,188067,2018101,2011,Thayarwaddy,Okpo,47
N188069E2016116,188069,2016116,2011,Thayarwaddy,Okpo,47
N188073E2012025,188073,2012025,2011,Thayarwaddy,Okpo,47
N188098E1987970,188098,1987970,2011,Thayarwaddy,Letpadan,47
N188115E1984108,188115,1984108,2011,Thayarwaddy,Letpadan,47
N188120E1980088,188120,1980088,2011,Thayarwaddy,Letpadan,47
N188128E1998011,188128,1998011,2011,Thayarwaddy,Letpadan,47
N188153E1978025,188153,1978025,2011,Thayarwaddy,Tharrawaddy,47
N188996E2131006,188996,2131006,2010,Taunggoo,Yedashe,47
N189000E2043000,189000,2043000,2010,Taunggoo,Phyu,47
N189000E2045000,189000,2045000,2010,Taunggoo,Phyu,47
N189000E2047000,189000,2047000,2010,Taunggoo,Phyu,47
N189000E2049000,189000,2049000,2010,Taunggoo,Phyu,47
N189000E2051000,189000,2051000,2010,Taunggoo,Phyu,47
N189000E2053000,189000,2053000,2010,Taunggoo,Phyu,47
N189000E2055000,189000,2055000,2010,Taunggoo,Phyu,47
N189000E2057000,189000,2057000,2010,Taunggoo,Phyu,47
N189000E2059000,189000,2059000,2010,Taunggoo,Phyu,47
N189000E2061000,189000,2061000,2010,Taunggoo,Phyu,47
N189000E2063000,189000,2063000,2010,Taunggoo,Phyu,47
N189000E2065000,189000,2065000,2010,Taunggoo,Phyu,47
N189000E2067000,189000,2067000,2010,Taunggoo,Phyu,47
N189000E2069000,189000,2069000,2010,Taunggoo,Phyu,47
N189000E2071000,189000,2071000,2010,Taunggoo,Oktwin,47
N189000E2073000,189000,2073000,2010,Taunggoo,Oktwin,47
N189000E2075000,189000,2075000,2010,Taunggoo,Oktwin,47
N189000E2077000,189000,2077000,2010,Taunggoo,Oktwin,47
N189000E2079000,189000,2079000,2010,Taunggoo,Oktwin,47
N189000E2081000,189000,2081000,2010,Taunggoo,Oktwin,47
N189000E2083000,189000,2083000,2010,Taunggoo,Oktwin,47
N189000E2085000,189000,2085000,2010,Taunggoo,Oktwin,47
N189000E2087000,189000,2087000,2010,Taunggoo,Oktwin,47
N189000E2089000,189000,2089000,2010,Taunggoo,Oktwin,47
N189000E2093000,189000,2093000,2010,Taunggoo,Taunggoo,47
N189000E2097000,189000,2097000,2010,Taunggoo,Taunggoo,47
N189000E2099000,189000,2099000,2010,Taunggoo,Taunggoo,47
N189000E2101000,189000,2101000,2010,Taunggoo,Taunggoo,47
N189000E2103000,189000,2103000,2010,Taunggoo,Taunggoo,47
N189000E2105000,189000,2105000,2010,Taunggoo,Taunggoo,47
N189000E2109000,189000,2109000,2010,Taunggoo,Taunggoo,47
N189000E2111000,189000,2111000,2010,Taunggoo,Taunggoo,47
N189000E2115000,189000,2115000,2010,Taunggoo,Yedashe,47
N189000E2117000,189000,2117000,2010,Taunggoo,Yedashe,47
N189000E2119000,189000,2119000,2010,Taunggoo,Yedashe,47
N189000E2121000,189000,2121000,2010,Taunggoo,Yedashe,47
N189000E2125000,189000,2125000,2010,Taunggoo,Yedashe,47
N189000E2133000,189000,2133000,2010,Taunggoo,Yedashe,47
N189000E2135000,189000,2135000,2010,Taunggoo,Yedashe,47
N189000E2137000,189000,2137000,2010,Taunggoo,Yedashe,47
N189000E2139000,189000,2139000,2010,Taunggoo,Yedashe,47
N189000E2141000,189000,2141000,2010,Taunggoo,Yedashe,47
N189000E2147000,189000,2147000,2010,Taunggoo,Yedashe,47
N189000E2151000,189000,2151000,2010,Taunggoo,Yedashe,47
N189000E2153000,189000,2153000,2010,Taunggoo,Yedashe,47
N189000E2195000,189000,2195000,2010,Taunggoo,Taunggoo,47
N189955E2011912,189955,2011912,2011,Thayarwaddy,Okpo,47
N189975E1985977,189975,1985977,2011,Thayarwaddy,Letpadan,47
N189978E1993852,189978,1993852,2011,Thayarwaddy,Letpadan,47
N189980E1995990,189980,1995990,2011,Thayarwaddy,Letpadan,47
N189981E1992177,189981,1992177,2011,Thayarwaddy,Letpadan,47
N189995E1971993,189995,1971993,2011,Thayarwaddy,Tharrawaddy,47
N190000E2008000,190000,2008000,2011,Thayarwaddy,Okpo,47
N190019E2004013,190019,2004013,2011,Thayarwaddy,Letpadan,47
N190024E2000002,190024,2000002,2011,Thayarwaddy,Letpadan,47
N190028E1984118,190028,1984118,2011,Thayarwaddy,Letpadan,47
N190038E1989923,190038,1989923,2011,Thayarwaddy,Letpadan,47
N190055E2020089,190055,2020089,2011,Thayarwaddy,Okpo,47
N190058E1988028,190058,1988028,2011,Thayarwaddy,Letpadan,47
N190059E2014063,190059,2014063,2011,Thayarwaddy,Okpo,47
N190074E2006011,190074,2006011,2011,Thayarwaddy,Okpo,47
N190075E2016104,190075,2016104,2011,Thayarwaddy,Okpo,47
N190081E2010052,190081,2010052,2011,Thayarwaddy,Okpo,47
N190098E1982133,190098,1982133,2011,Thayarwaddy,Letpadan,47
N190099E2002120,190099,2002120,2011,Thayarwaddy,Letpadan,47
N190103E2018074,190103,2018074,2011,Thayarwaddy,Okpo,47
N191000E2043000,191000,2043000,2010,Taunggoo,Phyu,47
N191000E2045000,191000,2045000,2010,Taunggoo,Phyu,47
N191000E2047000,191000,2047000,2010,Taunggoo,Phyu,47
N191000E2049000,191000,2049000,2010,Taunggoo,Phyu,47
N191000E2051000,191000,2051000,2010,Taunggoo,Phyu,47
N191000E2053000,191000,2053000,2010,Taunggoo,Phyu,47
N191000E2055000,191000,2055000,2010,Taunggoo,Phyu,47
N191000E2057000,191000,2057000,2010,Taunggoo,Phyu,47
N191000E2059000,191000,2059000,2010,Taunggoo,Phyu,47
N191000E2061000,191000,2061000,2010,Taunggoo,Phyu,47
N191000E2063000,191000,2063000,2010,Taunggoo,Phyu,47
N191000E2065000,191000,2065000,2010,Taunggoo,Phyu,47
N191000E2067000,191000,2067000,2010,Taunggoo,Phyu,47
N191000E2071000,191000,2071000,2010,Taunggoo,Oktwin,47
N191000E2073000,191000,2073000,2010,Taunggoo,Oktwin,47
N191000E2075000,191000,2075000,2010,Taunggoo,Oktwin,47
N191000E2077000,191000,2077000,2010,Taunggoo,Oktwin,47
N191000E2079000,191000,2079000,2010,Taunggoo,Oktwin,47
N191000E2081000,191000,2081000,2010,Taunggoo,Oktwin,47
N191000E2083000,191000,2083000,2010,Taunggoo,Oktwin,47
N191000E2085000,191000,2085000,2010,Taunggoo,Oktwin,47
N191000E2087000,191000,2087000,2010,Taunggoo,Oktwin,47
N191000E2089000,191000,2089000,2010,Taunggoo,Oktwin,47
N191000E2093000,191000,2093000,2010,Taunggoo,Taunggoo,47
N191000E2097000,191000,2097000,2010,Taunggoo,Taunggoo,47
N191000E2099000,191000,2099000,2010,Taunggoo,Taunggoo,47
N191000E2101000,191000,2101000,2010,Taunggoo,Taunggoo,47
N191000E2103000,191000,2103000,2010,Taunggoo,Taunggoo,47
N191000E2107000,191000,2107000,2010,Taunggoo,Taunggoo,47
N191000E2109000,191000,2109000,2010,Taunggoo,Taunggoo,47
N191000E2111000,191000,2111000,2010,Taunggoo,Taunggoo,47
N191000E2113000,191000,2113000,2010,Taunggoo,Taunggoo,47
N191000E2119000,191000,2119000,2010,Taunggoo,Yedashe,47
N191000E2121000,191000,2121000,2010,Taunggoo,Yedashe,47
N191000E2127000,191000,2127000,2010,Taunggoo,Yedashe,47
N191000E2133000,191000,2133000,2010,Taunggoo,Yedashe,47
N191000E2135000,191000,2135000,2010,Taunggoo,Yedashe,47
N191000E2137000,191000,2137000,2010,Taunggoo,Yedashe,47
N191000E2145000,191000,2145000,2010,Taunggoo,Yedashe,47
N191000E2147000,191000,2147000,2010,Taunggoo,Yedashe,47
N191000E2149000,191000,2149000,2010,Taunggoo,Yedashe,47
N191000E2151000,191000,2151000,2010,Taunggoo,Yedashe,47
N191000E2153000,191000,2153000,2010,Taunggoo,Yedashe,47
N191000E2195000,191000,2195000,2010,Taunggoo,Taunggoo,47
N191963E2001840,191963,2001840,2011,Thayarwaddy,Letpadan,47
N191997E2004007,191997,2004007,2011,Thayarwaddy,Letpadan,47
N192000E1999986,192000,1999986,2011,Thayarwaddy,Letpadan,47
N192006E1998017,192006,1998017,2011,Thayarwaddy,Letpadan,47
N192011E1992008,192011,1992008,2011,Thayarwaddy,Letpadan,47
N192012E2005971,192012,2005971,2011,Thayarwaddy,Letpadan,47
N192015E1982104,192015,1982104,2011,Thayarwaddy,Letpadan,47
N192051E2014049,192051,2014049,2011,Thayarwaddy,Okpo,47
N192074E2010036,192074,2010036,2011,Thayarwaddy,Okpo,47
N192078E2008062,192078,2008062,2011,Thayarwaddy,Okpo,47
N192108E2012062,192108,2012062,2011,Thayarwaddy,Okpo,47
N192118E1994013,192118,1994013,2011,Thayarwaddy,Letpadan,47
N192452E1995833,192452,1995833,2011,Thayarwaddy,Letpadan,47
N193000E2039000,193000,2039000,2010,Taunggoo,Phyu,47
N193000E2041000,193000,2041000,2010,Taunggoo,Phyu,47
N193000E2043000,193000,2043000,2010,Taunggoo,Phyu,47
N193000E2045000,193000,2045000,2010,Taunggoo,Phyu,47
N193000E2047000,193000,2047000,2010,Taunggoo,Phyu,47
N193000E2049000,193000,2049000,2010,Taunggoo,Phyu,47
N193000E2051000,193000,2051000,2010,Taunggoo,Phyu,47
N193000E2053000,193000,2053000,2010,Taunggoo,Phyu,47
N193000E2055000,193000,2055000,2010,Taunggoo,Phyu,47
N193000E2057000,193000,2057000,2010,Taunggoo,Phyu,47
N193000E2059000,193000,2059000,2010,Taunggoo,Phyu,47
N193000E2061000,193000,2061000,2010,Taunggoo,Phyu,47
N193000E2063000,193000,2063000,2010,Taunggoo,Phyu,47
N193000E2065000,193000,2065000,2010,Taunggoo,Phyu,47
N193000E2067000,193000,2067000,2010,Taunggoo,Phyu,47
N193000E2069000,193000,2069000,2010,Taunggoo,Phyu,47
N193000E2073000,193000,2073000,2010,Taunggoo,Oktwin,47
N193000E2075000,193000,2075000,2010,Taunggoo,Oktwin,47
N193000E2077000,193000,2077000,2010,Taunggoo,Oktwin,47
N193000E2079000,193000,2079000,2010,Taunggoo,Oktwin,47
N193000E2081000,193000,2081000,2010,Taunggoo,Oktwin,47
N193000E2083000,193000,2083000,2010,Taunggoo,Oktwin,47
N193000E2085000,193000,2085000,2010,Taunggoo,Oktwin,47
N193000E2087000,193000,2087000,2010,Taunggoo,Oktwin,47
N193000E2089000,193000,2089000,2010,Taunggoo,Oktwin,47
N193000E2091000,193000,2091000,2010,Taunggoo,Taunggoo,47
N193000E2093000,193000,2093000,2010,Taunggoo,Taunggoo,47
N193000E2097000,193000,2097000,2010,Taunggoo,Taunggoo,47
N193000E2099000,193000,2099000,2010,Taunggoo,Taunggoo,47
N193000E2101000,193000,2101000,2010,Taunggoo,Taunggoo,47
N193000E2115000,193000,2115000,2010,Taunggoo,Yedashe,47
N193000E2117000,193000,2117000,2010,Taunggoo,Yedashe,47
N193000E2119000,193000,2119000,2010,Taunggoo,Yedashe,47
N193000E2121000,193000,2121000,2010,Taunggoo,Yedashe,47
N193000E2123000,193000,2123000,2010,Taunggoo,Yedashe,47
N193000E2125000,193000,2125000,2010,Taunggoo,Yedashe,47
N193000E2133002,193000,2133002,2010,Taunggoo,Yedashe,47
N193000E2141000,193000,2141000,2010,Taunggoo,Yedashe,47
N193000E2145000,193000,2145000,2010,Taunggoo,Yedashe,47
N193000E2147000,193000,2147000,2010,Taunggoo,Yedashe,47
N193000E2149000,193000,2149000,2010,Taunggoo,Yedashe,47
N193000E2195000,193000,2195000,2010,Taunggoo,Taunggoo,47
N193007E2131004,193007,2131004,2010,Taunggoo,Yedashe,47
N193377E1995746,193377,1995746,2011,Thayarwaddy,Letpadan,47
N193977E2005990,193977,2005990,2011,Thayarwaddy,Letpadan,47
N193983E1997987,193983,1997987,2011,Thayarwaddy,Letpadan,47
N193995E2003978,193995,2003978,2011,Thayarwaddy,Letpadan,47
N193996E1993941,193996,1993941,2011,Thayarwaddy,Letpadan,47
N194029E2000023,194029,2000023,2011,Thayarwaddy,Letpadan,47
N194038E2002014,194038,2002014,2011,Thayarwaddy,Letpadan,47
N194065E2008042,194065,2008042,2011,Thayarwaddy,Okpo,47
N194071E2010056,194071,2010056,2011,Thayarwaddy,Okpo,47
N195000E2039000,195000,2039000,2010,Taunggoo,Phyu,47
N195000E2041000,195000,2041000,2010,Taunggoo,Phyu,47
N195000E2043000,195000,2043000,2010,Taunggoo,Phyu,47
N195000E2045000,195000,2045000,2010,Taunggoo,Phyu,47
N195000E2047000,195000,2047000,2010,Taunggoo,Phyu,47
N195000E2049000,195000,2049000,2010,Taunggoo,Phyu,47
N195000E2053000,195000,2053000,2010,Taunggoo,Phyu,47
N195000E2055000,195000,2055000,2010,Taunggoo,Phyu,47
N195000E2057000,195000,2057000,2010,Taunggoo,Phyu,47
N195000E2059000,195000,2059000,2010,Taunggoo,Phyu,47
N195000E2061000,195000,2061000,2010,Taunggoo,Phyu,47
N195000E2063000,195000,2063000,2010,Taunggoo,Phyu,47
N195000E2065000,195000,2065000,2010,Taunggoo,Phyu,47
N195000E2067000,195000,2067000,2010,Taunggoo,Phyu,47
N195000E2069000,195000,2069000,2010,Taunggoo,Phyu,47
N195000E2073000,195000,2073000,2010,Taunggoo,Oktwin,47
N195000E2075000,195000,2075000,2010,Taunggoo,Oktwin,47
N195000E2077000,195000,2077000,2010,Taunggoo,Oktwin,47
N195000E2079000,195000,2079000,2010,Taunggoo,Oktwin,47
N195000E2081000,195000,2081000,2010,Taunggoo,Oktwin,47
N195000E2083000,195000,2083000,2010,Taunggoo,Oktwin,47
N195000E2085000,195000,2085000,2010,Taunggoo,Oktwin,47
N195000E2087000,195000,2087000,2010,Taunggoo,Oktwin,47
N195000E2089000,195000,2089000,2010,Taunggoo,Oktwin,47
N195000E2091000,195000,2091000,2010,Taunggoo,Taunggoo,47
N195000E2093000,195000,2093000,2010,Taunggoo,Taunggoo,47
N195000E2097000,195000,2097000,2010,Taunggoo,Taunggoo,47
N195000E2101000,195000,2101000,2010,Taunggoo,Taunggoo,47
N195000E2103000,195000,2103000,2010,Taunggoo,Taunggoo,47
N195000E2107000,195000,2107000,2010,Taunggoo,Taunggoo,47
N195000E2109000,195000,2109000,2010,Taunggoo,Taunggoo,47
N195000E2115000,195000,2115000,2010,Taunggoo,Yedashe,47
N195000E2117000,195000,2117000,2010,Taunggoo,Yedashe,47
N195000E2119000,195000,2119000,2010,Taunggoo,Yedashe,47
N195000E2125000,195000,2125000,2010,Taunggoo,Yedashe,47
N195000E2127000,195000,2127000,2010,Taunggoo,Yedashe,47
N195000E2129000,195000,2129000,2010,Taunggoo,Yedashe,47
N195000E2131000,195000,2131000,2010,Taunggoo,Yedashe,47
N195000E2135000,195000,2135000,2010,Taunggoo,Yedashe,47
N195000E2143000,195000,2143000,2010,Taunggoo,Yedashe,47
N195000E2145000,195000,2145000,2010,Taunggoo,Yedashe,47
N195000E2147000,195000,2147000,2010,Taunggoo,Yedashe,47
N195000E2149000,195000,2149000,2010,Taunggoo,Yedashe,47
N195000E2195000,195000,2195000,2010,Taunggoo,Taunggoo,47
N195005E2133001,195005,2133001,2010,Taunggoo,Yedashe,47
N195557E2006182,195557,2006182,2011,Thayarwaddy,Letpadan,47
N195976E2002006,195976,2002006,2011,Thayarwaddy,Letpadan,47
N195987E1994003,195987,1994003,2011,Thayarwaddy,Letpadan,47
N195988E1995996,195988,1995996,2011,Thayarwaddy,Letpadan,47
N195991E2004009,195991,2004009,2011,Thayarwaddy,Letpadan,47
N196001E1989994,196001,1989994,2011,Thayarwaddy,Letpadan,47
N196002E1992002,196002,1992002,2011,Thayarwaddy,Letpadan,47
N196009E1998092,196009,1998092,2011,Thayarwaddy,Letpadan,47
N196012E1999985,196012,1999985,2011,Thayarwaddy,Letpadan,47
N197000E2041000,197000,2041000,2010,Taunggoo,Phyu,47
N197000E2043000,197000,2043000,2010,Taunggoo,Phyu,47
N197000E2045000,197000,2045000,2010,Taunggoo,Phyu,47
N197000E2047000,197000,2047000,2010,Taunggoo,Phyu,47
N197000E2049000,197000,2049000,2010,Taunggoo,Phyu,47
N197000E2051000,197000,2051000,2010,Taunggoo,Phyu,47
N197000E2053000,197000,2053000,2010,Taunggoo,Phyu,47
N197000E2055000,197000,2055000,2010,Taunggoo,Phyu,47
N197000E2057000,197000,2057000,2010,Taunggoo,Phyu,47
N197000E2059000,197000,2059000,2010,Taunggoo,Phyu,47
N197000E2061000,197000,2061000,2010,Taunggoo,Phyu,47
N197000E2063000,197000,2063000,2010,Taunggoo,Phyu,47
N197000E2065000,197000,2065000,2010,Taunggoo,Phyu,47
N197000E2067000,197000,2067000,2010,Taunggoo,Phyu,47
N197000E2069000,197000,2069000,2010,Taunggoo,Phyu,47
N197000E2071000,197000,2071000,2010,Taunggoo,Phyu,47
N197000E2073000,197000,2073000,2010,Taunggoo,Phyu,47
N197000E2075000,197000,2075000,2010,Taunggoo,Oktwin,47
N197000E2077000,197000,2077000,2010,Taunggoo,Oktwin,47
N197000E2079000,197000,2079000,2010,Taunggoo,Oktwin,47
N197000E2081000,197000,2081000,2010,Taunggoo,Oktwin,47
N197000E2083000,197000,2083000,2010,Taunggoo,Oktwin,47
N197000E2085000,197000,2085000,2010,Taunggoo,Oktwin,47
N197000E2087000,197000,2087000,2010,Taunggoo,Oktwin,47
N197000E2089000,197000,2089000,2010,Taunggoo,Taunggoo,47
N197000E2091000,197000,2091000,2010,Taunggoo,Taunggoo,47
N197000E2093000,197000,2093000,2010,Taunggoo,Taunggoo,47
N197000E2095000,197000,2095000,2010,Taunggoo,Taunggoo,47
N197000E2097000,197000,2097000,2010,Taunggoo,Taunggoo,47
N197000E2101000,197000,2101000,2010,Taunggoo,Taunggoo,47
N197000E2103000,197000,2103000,2010,Taunggoo,Taunggoo,47
N197000E2105000,197000,2105000,2010,Taunggoo,Taunggoo,47
N197000E2107000,197000,2107000,2010,Taunggoo,Taunggoo,47
N197000E2111000,197000,2111000,2010,Taunggoo,Taunggoo,47
N197000E2115000,197000,2115000,2010,Taunggoo,Yedashe,47
N197000E2119000,197000,2119000,2010,Taunggoo,Yedashe,47
N197000E2121000,197000,2121000,2010,Taunggoo,Yedashe,47
N197000E2123000,197000,2123000,2010,Taunggoo,Yedashe,47
N197000E2125000,197000,2125000,2010,Taunggoo,Yedashe,47
N197000E2135000,197000,2135000,2010,Taunggoo,Yedashe,47
N197000E2141000,197000,2141000,2010,Taunggoo,Yedashe,47
N197000E2143000,197000,2143000,2010,Taunggoo,Yedashe,47
N197000E2145000,197000,2145000,2010,Taunggoo,Yedashe,47
N197000E2147000,197000,2147000,2010,Taunggoo,Yedashe,47
N197000E2149000,197000,2149000,2010,Taunggoo,Yedashe,47
N197804E2004684,197804,2004684,2011,Thayarwaddy,Letpadan,47
N197997E2000017,197997,2000017,2011,Thayarwaddy,Letpadan,47
N197998E1998009,197998,1998009,2011,Thayarwaddy,Letpadan,47
N198000E1989999,198000,1989999,2011,Thayarwaddy,Letpadan,47
N198000E1992000,198000,1992000,2011,Thayarwaddy,Letpadan,47
N198000E1995978,198000,1995978,2011,Thayarwaddy,Letpadan,47
N198009E2002016,198009,2002016,2011,Thayarwaddy,Letpadan,47
N198028E1993997,198028,1993997,2011,Thayarwaddy,Letpadan,47
N199000E2041000,199000,2041000,2010,Taunggoo,Phyu,47
N199000E2045000,199000,2045000,2010,Taunggoo,Phyu,47
N199000E2047000,199000,2047000,2010,Taunggoo,Phyu,47
N199000E2049000,199000,2049000,2010,Taunggoo,Phyu,47
N199000E2053000,199000,2053000,2010,Taunggoo,Phyu,47
N199000E2055000,199000,2055000,2010,Taunggoo,Phyu,47
N199000E2057000,199000,2057000,2010,Taunggoo,Phyu,47
N199000E2059000,199000,2059000,2010,Taunggoo,Phyu,47
N199000E2061000,199000,2061000,2010,Taunggoo,Phyu,47
N199000E2063000,199000,2063000,2010,Taunggoo,Phyu,47
N199000E2065000,199000,2065000,2010,Taunggoo,Phyu,47
N199000E2067000,199000,2067000,2010,Taunggoo,Phyu,47
N199000E2069000,199000,2069000,2010,Taunggoo,Phyu,47
N199000E2071000,199000,2071000,2010,Taunggoo,Phyu,47
N199000E2073000,199000,2073000,2010,Taunggoo,Oktwin,47
N199000E2075000,199000,2075000,2010,Taunggoo,Oktwin,47
N199000E2077000,199000,2077000,2010,Taunggoo,Oktwin,47
N199000E2079000,199000,2079000,2010,Taunggoo,Oktwin,47
N199000E2081000,199000,2081000,2010,Taunggoo,Oktwin,47
N199000E2083000,199000,2083000,2010,Taunggoo,Oktwin,47
N199000E2085000,199000,2085000,2010,Taunggoo,Oktwin,47
N199000E2087000,199000,2087000,2010,Taunggoo,Oktwin,47
N199000E2091000,199000,2091000,2010,Taunggoo,Taunggoo,47
N199000E2093000,199000,2093000,2010,Taunggoo,Taunggoo,47
N199000E2097000,199000,2097000,2010,Taunggoo,Taunggoo,47
N199000E2099000,199000,2099000,2010,Taunggoo,Taunggoo,47
N199000E2103000,199000,2103000,2010,Taunggoo,Taunggoo,47
N199000E2107000,199000,2107000,2010,Taunggoo,Taunggoo,47
N199000E2119000,199000,2119000,2010,Taunggoo,Yedashe,47
N199000E2121000,199000,2121000,2010,Taunggoo,Yedashe,47
N199000E2125000,199000,2125000,2010,Taunggoo,Yedashe,47
N199000E2135000,199000,2135000,2010,Taunggoo,Yedashe,47
N199000E2137000,199000,2137000,2010,Taunggoo,Yedashe,47
N199000E2141000,199000,2141000,2010,Taunggoo,Yedashe,47
N199000E2143000,199000,2143000,2010,Taunggoo,Yedashe,47
N199000E2145000,199000,2145000,2010,Taunggoo,Yedashe,47
N199000E2147000,199000,2147000,2010,Taunggoo,Yedashe,47
N199091E2133057,199091,2133057,2010,Taunggoo,Yedashe,47
N199968E1999999,199968,1999999,2011,Thayarwaddy,Letpadan,47
N199981E1997953,199981,1997953,2011,Thayarwaddy,Letpadan,47
N199997E1996014,199997,1996014,2011,Thayarwaddy,Letpadan,47
N199998E1992000,199998,1992000,2011,Thayarwaddy,Letpadan,47
N199999E1990000,199999,1990000,2011,Thayarwaddy,Letpadan,47
N200012E1994025,200012,1994025,2011,Thayarwaddy,Letpadan,47
N200139E2002051,200139,2002051,2011,Thayarwaddy,Letpadan,47
N200194E2003964,200194,2003964,2011,Thayarwaddy,Letpadan,47
N201000E2041000,201000,2041000,2010,Taunggoo,Phyu,47
N201000E2043000,201000,2043000,2010,Taunggoo,Phyu,47
N201000E2045000,201000,2045000,2010,Taunggoo,Phyu,47
N201000E2047000,201000,2047000,2010,Taunggoo,Phyu,47
N201000E2049000,201000,2049000,2010,Taunggoo,Phyu,47
N201000E2051000,201000,2051000,2010,Taunggoo,Phyu,47
N201000E2055000,201000,2055000,2010,Taunggoo,Phyu,47
N201000E2057000,201000,2057000,2010,Taunggoo,Phyu,47
N201000E2059000,201000,2059000,2010,Taunggoo,Phyu,47
N201000E2061000,201000,2061000,2010,Taunggoo,Phyu,47
N201000E2063000,201000,2063000,2010,Taunggoo,Phyu,47
N201000E2065000,201000,2065000,2010,Taunggoo,Phyu,47
N201000E2067000,201000,2067000,2010,Taunggoo,Phyu,47
N201000E2069000,201000,2069000,2010,Taunggoo,Phyu,47
N201000E2071000,201000,2071000,2010,Taunggoo,Phyu,47
N201000E2073000,201000,2073000,2010,Taunggoo,Oktwin,47
N201000E2075000,201000,2075000,2010,Taunggoo,Oktwin,47
N201000E2077000,201000,2077000,2010,Taunggoo,Oktwin,47
N201000E2079000,201000,2079000,2010,Taunggoo,Oktwin,47
N201000E2081000,201000,2081000,2010,Taunggoo,Oktwin,47
N201000E2085000,201000,2085000,2010,Taunggoo,Oktwin,47
N201000E2087000,201000,2087000,2010,Taunggoo,Oktwin,47
N201000E2091000,201000,2091000,2010,Taunggoo,Taunggoo,47
N201000E2093000,201000,2093000,2010,Taunggoo,Taunggoo,47
N201000E2095000,201000,2095000,2010,Taunggoo,Taunggoo,47
N201000E2097000,201000,2097000,2010,Taunggoo,Taunggoo,47
N201000E2099000,201000,2099000,2010,Taunggoo,Taunggoo,47
N201000E2101000,201000,2101000,2010,Taunggoo,Taunggoo,47
N201000E2105000,201000,2105000,2010,Taunggoo,Taunggoo,47
N201000E2109000,201000,2109000,2010,Taunggoo,Taunggoo,47
N201000E2111000,201000,2111000,2010,Taunggoo,Taunggoo,47
N201000E2121000,201000,2121000,2010,Taunggoo,Yedashe,47
N201000E2123000,201000,2123000,2010,Taunggoo,Yedashe,47
N201000E2131000,201000,2131000,2010,Taunggoo,Yedashe,47
N201000E2133000,201000,2133000,2010,Taunggoo,Yedashe,47
N201000E2135000,201000,2135000,2010,Taunggoo,Yedashe,47
N201000E2137000,201000,2137000,2010,Taunggoo,Yedashe,47
N201000E2139000,201000,2139000,2010,Taunggoo,Yedashe,47
N201000E2141000,201000,2141000,2010,Taunggoo,Yedashe,47
N201000E2143000,201000,2143000,2010,Taunggoo,Yedashe,47
N201000E2151000,201000,2151000,2010,Taunggoo,Yedashe,47
N201957E1994022,201957,1994022,2011,Thayarwaddy,Letpadan,47
N201998E1990001,201998,1990001,2011,Thayarwaddy,Letpadan,47
N201998E1996010,201998,1996010,2011,Thayarwaddy,Letpadan,47
N202002E1991998,202002,1991998,2011,Thayarwaddy,Letpadan,47
N202008E2002021,202008,2002021,2011,Thayarwaddy,Letpadan,47
N202009E2000011,202009,2000011,2011,Thayarwaddy,Letpadan,47
N202081E1998001,202081,1998001,2011,Thayarwaddy,Letpadan,47
N203000E2041000,203000,2041000,2010,Taunggoo,Phyu,47
N203000E2043000,203000,2043000,2010,Taunggoo,Phyu,47
N203000E2045000,203000,2045000,2010,Taunggoo,Phyu,47
N203000E2047000,203000,2047000,2010,Taunggoo,Phyu,47
N203000E2049000,203000,2049000,2010,Taunggoo,Phyu,47
N203000E2051000,203000,2051000,2010,Taunggoo,Phyu,47
N203000E2053000,203000,2053000,2010,Taunggoo,Phyu,47
N203000E2057000,203000,2057000,2010,Taunggoo,Phyu,47
N203000E2059000,203000,2059000,2010,Taunggoo,Phyu,47
N203000E2061000,203000,2061000,2010,Taunggoo,Phyu,47
N203000E2063000,203000,2063000,2010,Taunggoo,Phyu,47
N203000E2065000,203000,2065000,2010,Taunggoo,Phyu,47
N203000E2067000,203000,2067000,2010,Taunggoo,Phyu,47
N203000E2069000,203000,2069000,2010,Taunggoo,Phyu,47
N203000E2071000,203000,2071000,2010,Taunggoo,Oktwin,47
N203000E2073000,203000,2073000,2010,Taunggoo,Oktwin,47
N203000E2075000,203000,2075000,2010,Taunggoo,Oktwin,47
N203000E2079000,203000,2079000,2010,Taunggoo,Oktwin,47
N203000E2083000,203000,2083000,2010,Taunggoo,Oktwin,47
N203000E2085000,203000,2085000,2010,Taunggoo,Oktwin,47
N203000E2089000,203000,2089000,2010,Taunggoo,Taunggoo,47
N203000E2091000,203000,2091000,2010,Taunggoo,Taunggoo,47
N203000E2093000,203000,2093000,2010,Taunggoo,Taunggoo,47
N203000E2095000,203000,2095000,2010,Taunggoo,Taunggoo,47
N203000E2099000,203000,2099000,2010,Taunggoo,Taunggoo,47
N203000E2101000,203000,2101000,2010,Taunggoo,Taunggoo,47
N203000E2103000,203000,2103000,2010,Taunggoo,Taunggoo,47
N203000E2105000,203000,2105000,2010,Taunggoo,Taunggoo,47
N203000E2109000,203000,2109000,2010,Taunggoo,Taunggoo,47
N203000E2111000,203000,2111000,2010,Taunggoo,Taunggoo,47
N203000E2113000,203000,2113000,2010,Taunggoo,Taunggoo,47
N203000E2115000,203000,2115000,2010,Taunggoo,Taunggoo,47
N203000E2117000,203000,2117000,2010,Taunggoo,Taunggoo,47
N203000E2133000,203000,2133000,2010,Taunggoo,Yedashe,47
N203000E2135000,203000,2135000,2010,Taunggoo,Yedashe,47
N203000E2137000,203000,2137000,2010,Taunggoo,Yedashe,47
N203000E2147000,203000,2147000,2010,Taunggoo,Yedashe,47
N203000E2149000,203000,2149000,2010,Taunggoo,Yedashe,47
N205000E2039000,205000,2039000,2010,Taunggoo,Phyu,47
N205000E2041000,205000,2041000,2010,Taunggoo,Phyu,47
N205000E2043000,205000,2043000,2010,Taunggoo,Phyu,47
N205000E2045000,205000,2045000,2010,Taunggoo,Phyu,47
N205000E2047000,205000,2047000,2010,Taunggoo,Phyu,47
N205000E2049000,205000,2049000,2010,Taunggoo,Phyu,47
N205000E2051000,205000,2051000,2010,Taunggoo,Phyu,47
N205000E2053000,205000,2053000,2010,Taunggoo,Phyu,47
N205000E2055000,205000,2055000,2010,Taunggoo,Phyu,47
N205000E2057000,205000,2057000,2010,Taunggoo,Phyu,47
N205000E2059000,205000,2059000,2010,Taunggoo,Phyu,47
N205000E2061000,205000,2061000,2010,Taunggoo,Phyu,47
N205000E2063000,205000,2063000,2010,Taunggoo,Phyu,47
N205000E2065000,205000,2065000,2010,Taunggoo,Phyu,47
N205000E2067000,205000,2067000,2010,Taunggoo,Phyu,47
N205000E2069000,205000,2069000,2010,Taunggoo,Phyu,47
N205000E2071000,205000,2071000,2010,Taunggoo,Oktwin,47
N205000E2073000,205000,2073000,2010,Taunggoo,Oktwin,47
N205000E2075000,205000,2075000,2010,Taunggoo,Oktwin,47
N205000E2085000,205000,2085000,2010,Taunggoo,Oktwin,47
N205000E2091000,205000,2091000,2010,Taunggoo,Taunggoo,47
N205000E2093000,205000,2093000,2010,Taunggoo,Taunggoo,47
N205000E2095000,205000,2095000,2010,Taunggoo,Taunggoo,47
N205000E2099000,205000,2099000,2010,Taunggoo,Taunggoo,47
N205000E2105000,205000,2105000,2010,Taunggoo,Taunggoo,47
N205000E2111000,205000,2111000,2010,Taunggoo,Taunggoo,47
N205000E2115000,205000,2115000,2010,Taunggoo,Taunggoo,47
N205000E2133000,205000,2133000,2010,Taunggoo,Yedashe,47
N205000E2135000,205000,2135000,2010,Taunggoo,Yedashe,47
N205000E2137000,205000,2137000,2010,Taunggoo,Yedashe,47
N207000E2039000,207000,2039000,2010,Taunggoo,Phyu,47
N207000E2041000,207000,2041000,2010,Taunggoo,Phyu,47
N207000E2043000,207000,2043000,2010,Taunggoo,Phyu,47
N207000E2045000,207000,2045000,2010,Taunggoo,Phyu,47
N207000E2047000,207000,2047000,2010,Taunggoo,Phyu,47
N207000E2049000,207000,2049000,2010,Taunggoo,Phyu,47
N207000E2051000,207000,2051000,2010,Taunggoo,Phyu,47
N207000E2055000,207000,2055000,2010,Taunggoo,Phyu,47
N207000E2057000,207000,2057000,2010,Taunggoo,Phyu,47
N207000E2061000,207000,2061000,2010,Taunggoo,Phyu,47
N207000E2063000,207000,2063000,2010,Taunggoo,Phyu,47
N207000E2065000,207000,2065000,2010,Taunggoo,Phyu,47
N207000E2067000,207000,2067000,2010,Taunggoo,Phyu,47
N207000E2069000,207000,2069000,2010,Taunggoo,Phyu,47
N207000E2071000,207000,2071000,2010,Taunggoo,Oktwin,47
N207000E2073000,207000,2073000,2010,Taunggoo,Oktwin,47
N207000E2075000,207000,2075000,2010,Taunggoo,Oktwin,47
N207000E2077000,207000,2077000,2010,Taunggoo,Oktwin,47
N207000E2081000,207000,2081000,2010,Taunggoo,Oktwin,47
N207000E2083000,207000,2083000,2010,Taunggoo,Oktwin,47
N207000E2089000,207000,2089000,2010,Taunggoo,Oktwin,47
N207000E2091000,207000,2091000,2010,Taunggoo,Oktwin,47
N207000E2095000,207000,2095000,2010,Taunggoo,Taunggoo,47
N207000E2097000,207000,2097000,2010,Taunggoo,Taunggoo,47
N207000E2103000,207000,2103000,2010,Taunggoo,Taunggoo,47
N207000E2105000,207000,2105000,2010,Taunggoo,Taunggoo,47
N207000E2109000,207000,2109000,2010,Taunggoo,Taunggoo,47
N207000E2137000,207000,2137000,2010,Taunggoo,Yedashe,47
N207000E2155000,207000,2155000,2010,Taunggoo,Yedashe,47
N207000E2193000,207000,2193000,2010,Taunggoo,Taunggoo,47
N208000E2085000,208000,2085000,2010,Taunggoo,Oktwin,47
N209000E2037000,209000,2037000,2010,Taunggoo,Phyu,47
N209000E2039000,209000,2039000,2010,Taunggoo,Phyu,47
N209000E2041000,209000,2041000,2010,Taunggoo,Phyu,47
N209000E2043000,209000,2043000,2010,Taunggoo,Phyu,47
N209000E2045000,209000,2045000,2010,Taunggoo,Phyu,47
N209000E2047000,209000,2047000,2010,Taunggoo,Phyu,47
N209000E2049000,209000,2049000,2010,Taunggoo,Phyu,47
N209000E2051000,209000,2051000,2010,Taunggoo,Phyu,47
N209000E2053000,209000,2053000,2010,Taunggoo,Phyu,47
N209000E2055000,209000,2055000,2010,Taunggoo,Phyu,47
N209000E2061000,209000,2061000,2010,Taunggoo,Phyu,47
N209000E2063000,209000,2063000,2010,Taunggoo,Phyu,47
N209000E2065000,209000,2065000,2010,Taunggoo,Phyu,47
N209000E2067000,209000,2067000,2010,Taunggoo,Phyu,47
N209000E2069000,209000,2069000,2010,Taunggoo,Oktwin,47
N209000E2071000,209000,2071000,2010,Taunggoo,Oktwin,47
N209000E2075000,209000,2075000,2010,Taunggoo,Oktwin,47
N209000E2077000,209000,2077000,2010,Taunggoo,Oktwin,47
N209000E2083000,209000,2083000,2010,Taunggoo,Oktwin,47
N209000E2085000,209000,2085000,2010,Taunggoo,Oktwin,47
N209000E2087000,209000,2087000,2010,Taunggoo,Oktwin,47
N209000E2089000,209000,2089000,2010,Taunggoo,Oktwin,47
N209000E2091000,209000,2091000,2010,Taunggoo,Oktwin,47
N209000E2097000,209000,2097000,2010,Taunggoo,Taunggoo,47
N209000E2103000,209000,2103000,2010,Taunggoo,Taunggoo,47
N209000E2105000,209000,2105000,2010,Taunggoo,Taunggoo,47
N209000E2113000,209000,2113000,2010,Taunggoo,Taunggoo,47
N209000E2131000,209000,2131000,2010,Taunggoo,Yedashe,47
N209000E2133000,209000,2133000,2010,Taunggoo,Yedashe,47
N209000E2193000,209000,2193000,2010,Taunggoo,Taunggoo,47
N209000E2195000,209000,2195000,2010,Taunggoo,Taunggoo,47
N210000E2083000,210000,2083000,2010,Taunggoo,Oktwin,47
N211000E2039000,211000,2039000,2010,Taunggoo,Phyu,47
N211000E2043000,211000,2043000,2010,Taunggoo,Phyu,47
N211000E2051000,211000,2051000,2010,Taunggoo,Phyu,47
N211000E2053000,211000,2053000,2010,Taunggoo,Phyu,47
N211000E2055000,211000,2055000,2010,Taunggoo,Phyu,47
N211000E2057000,211000,2057000,2010,Taunggoo,Phyu,47
N211000E2061000,211000,2061000,2010,Taunggoo,Phyu,47
N211000E2063000,211000,2063000,2010,Taunggoo,Phyu,47
N211000E2065000,211000,2065000,2010,Taunggoo,Phyu,47
N211000E2067000,211000,2067000,2010,Taunggoo,Phyu,47
N211000E2069000,211000,2069000,2010,Taunggoo,Oktwin,47
N211000E2071000,211000,2071000,2010,Taunggoo,Oktwin,47
N211000E2073000,211000,2073000,2010,Taunggoo,Oktwin,47
N211000E2081000,211000,2081000,2010,Taunggoo,Oktwin,47
N211000E2101000,211000,2101000,2010,Taunggoo,Taunggoo,47
N211000E2111000,211000,2111000,2010,Taunggoo,Taunggoo,47
N211000E2113000,211000,2113000,2010,Taunggoo,Taunggoo,47
N211000E2115000,211000,2115000,2010,Taunggoo,Taunggoo,47
N213000E2043000,213000,2043000,2010,Taunggoo,Phyu,47
N213000E2049000,213000,2049000,2010,Taunggoo,Phyu,47
N213000E2051000,213000,2051000,2010,Taunggoo,Phyu,47
N213000E2053000,213000,2053000,2010,Taunggoo,Phyu,47
N213000E2055000,213000,2055000,2010,Taunggoo,Phyu,47
N213000E2061000,213000,2061000,2010,Taunggoo,Phyu,47
N213000E2063000,213000,2063000,2010,Taunggoo,Phyu,47
N213000E2065000,213000,2065000,2010,Taunggoo,Phyu,47
N213000E2067000,213000,2067000,2010,Taunggoo,Oktwin,47
N213000E2069000,213000,2069000,2010,Taunggoo,Oktwin,47
N213000E2071000,213000,2071000,2010,Taunggoo,Oktwin,47
N213000E2073000,213000,2073000,2010,Taunggoo,Oktwin,47
N213000E2075000,213000,2075000,2010,Taunggoo,Oktwin,47
N213000E2077000,213000,2077000,2010,Taunggoo,Oktwin,47
N213000E2079000,213000,2079000,2010,Taunggoo,Oktwin,47
N213000E2081000,213000,2081000,2010,Taunggoo,Oktwin,47
N213000E2111000,213000,2111000,2010,Taunggoo,Taunggoo,47
N215000E2037000,215000,2037000,2010,Taunggoo,Phyu,47
N215000E2049000,215000,2049000,2010,Taunggoo,Phyu,47
N215000E2051000,215000,2051000,2010,Taunggoo,Phyu,47
N215000E2053000,215000,2053000,2010,Taunggoo,Phyu,47
N215000E2055000,215000,2055000,2010,Taunggoo,Phyu,47
N215000E2057000,215000,2057000,2010,Taunggoo,Phyu,47
N215000E2059000,215000,2059000,2010,Taunggoo,Phyu,47
N215000E2063000,215000,2063000,2010,Taunggoo,Phyu,47
N215000E2065000,215000,2065000,2010,Taunggoo,Phyu,47
N215000E2067000,215000,2067000,2010,Taunggoo,Phyu,47
N215000E2069000,215000,2069000,2010,Taunggoo,Oktwin,47
N215000E2071000,215000,2071000,2010,Taunggoo,Oktwin,47
N215000E2073000,215000,2073000,2010,Taunggoo,Oktwin,47
N215000E2075000,215000,2075000,2010,Taunggoo,Oktwin,47
N215000E2077000,215000,2077000,2010,Taunggoo,Oktwin,47
N217000E2041000,217000,2041000,2010,Taunggoo,Phyu,47
N217000E2045000,217000,2045000,2010,Taunggoo,Phyu,47
N217000E2047000,217000,2047000,2010,Taunggoo,Phyu,47
N217000E2051000,217000,2051000,2010,Taunggoo,Phyu,47
N217000E2053000,217000,2053000,2010,Taunggoo,Phyu,47
N217000E2055000,217000,2055000,2010,Taunggoo,Phyu,47
N217000E2057000,217000,2057000,2010,Taunggoo,Phyu,47
N217000E2059000,217000,2059000,2010,Taunggoo,Phyu,47
N217000E2061000,217000,2061000,2010,Taunggoo,Phyu,47
N217000E2063000,217000,2063000,2010,Taunggoo,Phyu,47
N217000E2065000,217000,2065000,2010,Taunggoo,Phyu,47
N217000E2067000,217000,2067000,2010,Taunggoo,Phyu,47
N217000E2069000,217000,2069000,2010,Taunggoo,Phyu,47
N217000E2071000,217000,2071000,2010,Taunggoo,Phyu,47
N217000E2073000,217000,2073000,2010,Taunggoo,Phyu,47
N217000E2075000,217000,2075000,2010,Taunggoo,Oktwin,47
N217000E2081000,217000,2081000,2010,Taunggoo,Oktwin,47
N219000E2043000,219000,2043000,2010,Taunggoo,Phyu,47
N219000E2045000,219000,2045000,2010,Taunggoo,Phyu,47
N219000E2047000,219000,2047000,2010,Taunggoo,Phyu,47
N219000E2049000,219000,2049000,2010,Taunggoo,Phyu,47
N219000E2053000,219000,2053000,2010,Taunggoo,Phyu,47
N219000E2055000,219000,2055000,2010,Taunggoo,Phyu,47
N219000E2057000,219000,2057000,2010,Taunggoo,Phyu,47
N219000E2059000,219000,2059000,2010,Taunggoo,Phyu,47
N219000E2061000,219000,2061000,2010,Taunggoo,Phyu,47
N219000E2063000,219000,2063000,2010,Taunggoo,Phyu,47
N219000E2065000,219000,2065000,2010,Taunggoo,Phyu,47
N219000E2067000,219000,2067000,2010,Taunggoo,Phyu,47
N219000E2069000,219000,2069000,2010,Taunggoo,Phyu,47
N219000E2071000,219000,2071000,2010,Taunggoo,Phyu,47
N219000E2073000,219000,2073000,2010,Taunggoo,Phyu,47
N219000E2075000,219000,2075000,2010,Taunggoo,Oktwin,47
N221000E2053000,221000,2053000,2010,Taunggoo,Phyu,47
N221000E2055000,221000,2055000,2010,Taunggoo,Phyu,47
N221000E2057000,221000,2057000,2010,Taunggoo,Phyu,47
N221000E2059000,221000,2059000,2010,Taunggoo,Phyu,47
N223000E2041000,223000,2041000,2010,Taunggoo,Phyu,47
N223000E2055000,223000,2055000,2010,Taunggoo,Phyu,47
N223000E2057000,223000,2057000,2010,Taunggoo,Phyu,47
N223000E2059000,223000,2059000,2010,Taunggoo,Phyu,47
N227000E2141000,227000,2141000,2010,Taunggoo,Yedashe,47
N229000E2143000,229000,2143000,2010,Taunggoo,Yedashe,47
N231000E2129000,231000,2129000,2010,Taunggoo,Yedashe,47
N231000E2137000,231000,2137000,2010,Taunggoo,Yedashe,47
N231000E2143000,231000,2143000,2010,Taunggoo,Yedashe,47
N233000E2127000,233000,2127000,2010,Taunggoo,Yedashe,47
N233000E2129000,233000,2129000,2010,Taunggoo,Yedashe,47
N233000E2141000,233000,2141000,2010,Taunggoo,Yedashe,47
N241000E2109000,241000,2109000,2010,Taunggoo,Taunggoo,47
N299000E2095000,299000,2095000,2010,Taunggoo,Taunggoo,47
N302000E2083000,302000,2083000,2010,Taunggoo,Oktwin,47
N306000E2087000,306000,2087000,2010,Taunggoo,Oktwin,47
N512000E2077000,512000,2077000,2010,Taunggoo,Oktwin,47
N794007E2040012,794007,2040012,2011,Thayarwaddy,Nattalin,47
N795999E1988000,795999,1988000,2011,Thayarwaddy,Minhla,47
N796000E2149000,796000,2149000,2010,Taunggoo,Yedashe,47
N796000E2151000,796000,2151000,2010,Taunggoo,Yedashe,47
N796000E2153000,796000,2153000,2010,Taunggoo,Yedashe,47
N796004E2029999,796004,2029999,2011,Thayarwaddy,Gyobingauk,47
N796009E2028000,796009,2028000,2011,Thayarwaddy,Gyobingauk,47
N797939E2077926,797939,2077926,2011,Thayarwaddy,Nattalin,47
N798000E1984000,798000,1984000,2011,Thayarwaddy,Minhla,47
N798000E1996000,798000,1996000,2011,Thayarwaddy,Minhla,47
N798000E1998000,798000,1998000,2011,Thayarwaddy,Minhla,47
N798000E2024000,798000,2024000,2011,Thayarwaddy,Okpo,47
N798000E2028000,798000,2028000,2011,Thayarwaddy,Gyobingauk,47
N798000E2121000,798000,2121000,2010,Taunggoo,Yedashe,47
N798000E2123000,798000,2123000,2010,Taunggoo,Yedashe,47
N798000E2125000,798000,2125000,2010,Taunggoo,Yedashe,47
N798000E2143000,798000,2143000,2010,Taunggoo,Yedashe,47
N798000E2145000,798000,2145000,2010,Taunggoo,Yedashe,47
N798000E2147000,798000,2147000,2010,Taunggoo,Yedashe,47
N798000E2149000,798000,2149000,2010,Taunggoo,Yedashe,47
N798000E2151000,798000,2151000,2010,Taunggoo,Yedashe,47
N798001E2029997,798001,2029997,2011,Thayarwaddy,Gyobingauk,47
N799916E2062045,799916,2062045,2011,Thayarwaddy,Nattalin,47
N799981E2059986,799981,2059986,2011,Thayarwaddy,Nattalin,47
N799992E1991990,799992,1991990,2011,Thayarwaddy,Minhla,47
N800000E1982000,8.00E+05,1982000,2011,Thayarwaddy,Letpadan,47
N800000E1996000,8.00E+05,1996000,2011,Thayarwaddy,Minhla,47
N800000E2031980,8.00E+05,2031980,2011,Thayarwaddy,Gyobingauk,47
N800000E2083000,8.00E+05,2083000,2010,Taunggoo,Oktwin,47
N800000E2105000,8.00E+05,2105000,2010,Taunggoo,Taunggoo,47
N800000E2107000,8.00E+05,2107000,2010,Taunggoo,Taunggoo,47
N800000E2115000,8.00E+05,2115000,2010,Taunggoo,Taunggoo,47
N800000E2119000,8.00E+05,2119000,2010,Taunggoo,Taunggoo,47
N800000E2121000,8.00E+05,2121000,2010,Taunggoo,Yedashe,47
N800000E2123000,8.00E+05,2123000,2010,Taunggoo,Yedashe,47
N800000E2125000,8.00E+05,2125000,2010,Taunggoo,Yedashe,47
N800000E2127000,8.00E+05,2127000,2010,Taunggoo,Yedashe,47
N800000E2141000,8.00E+05,2141000,2010,Taunggoo,Yedashe,47
N800000E2143000,8.00E+05,2143000,2010,Taunggoo,Yedashe,47
N800000E2145000,8.00E+05,2145000,2010,Taunggoo,Yedashe,47
N800000E2147000,8.00E+05,2147000,2010,Taunggoo,Yedashe,47
N800000E2149000,8.00E+05,2149000,2010,Taunggoo,Yedashe,47
N800000E2151000,8.00E+05,2151000,2010,Taunggoo,Yedashe,47
N800005E1983991,800005,1983991,2011,Thayarwaddy,Minhla,47
N800017E1990038,800017,1990038,2011,Thayarwaddy,Minhla,47
N801807E2017929,801807,2017929,2011,Thayarwaddy,Okpo,47
N801910E2032055,801910,2032055,2011,Thayarwaddy,Gyobingauk,47
N801918E2062032,801918,2062032,2011,Thayarwaddy,Nattalin,47
N801939E2067931,801939,2067931,2011,Thayarwaddy,Nattalin,47
N801959E2063925,801959,2063925,2011,Thayarwaddy,Nattalin,47
N801959E2077929,801959,2077929,2011,Thayarwaddy,Nattalin,47
N801960E2069926,801960,2069926,2011,Thayarwaddy,Nattalin,47
N801965E1988001,801965,1988001,2011,Thayarwaddy,Minhla,47
N801965E2065927,801965,2065927,2011,Thayarwaddy,Nattalin,47
N801982E2075917,801982,2075917,2011,Thayarwaddy,Nattalin,47
N801995E1980002,801995,1980002,2011,Thayarwaddy,Letpadan,47
N801995E2059999,801995,2059999,2011,Thayarwaddy,Nattalin,47
N801996E2014000,801996,2014000,2011,Thayarwaddy,Okpo,47
N802000E1993995,802000,1993995,2011,Thayarwaddy,Minhla,47
N802000E1996004,802000,1996004,2011,Thayarwaddy,Minhla,47
N802000E2081000,802000,2081000,2010,Taunggoo,Phyu,47
N802000E2085000,802000,2085000,2010,Taunggoo,Oktwin,47
N802000E2091000,802000,2091000,2010,Taunggoo,Oktwin,47
N802000E2093000,802000,2093000,2010,Taunggoo,Oktwin,47
N802000E2097000,802000,2097000,2010,Taunggoo,Taunggoo,47
N802000E2099000,802000,2099000,2010,Taunggoo,Taunggoo,47
N802000E2101000,802000,2101000,2010,Taunggoo,Taunggoo,47
N802000E2103000,802000,2103000,2010,Taunggoo,Taunggoo,47
N802000E2105000,802000,2105000,2010,Taunggoo,Taunggoo,47
N802000E2107000,802000,2107000,2010,Taunggoo,Taunggoo,47
N802000E2109000,802000,2109000,2010,Taunggoo,Taunggoo,47
N802000E2111000,802000,2111000,2010,Taunggoo,Taunggoo,47
N802000E2113000,802000,2113000,2010,Taunggoo,Taunggoo,47
N802000E2115000,802000,2115000,2010,Taunggoo,Taunggoo,47
N802000E2117000,802000,2117000,2010,Taunggoo,Taunggoo,47
N802000E2119000,802000,2119000,2010,Taunggoo,Taunggoo,47
N802000E2121000,802000,2121000,2010,Taunggoo,Yedashe,47
N802000E2123000,802000,2123000,2010,Taunggoo,Yedashe,47
N802000E2125000,802000,2125000,2010,Taunggoo,Yedashe,47
N802000E2127000,802000,2127000,2010,Taunggoo,Yedashe,47
N802000E2129000,802000,2129000,2010,Taunggoo,Yedashe,47
N802000E2131000,802000,2131000,2010,Taunggoo,Yedashe,47
N802000E2133000,802000,2133000,2010,Taunggoo,Yedashe,47
N802000E2135000,802000,2135000,2010,Taunggoo,Yedashe,47
N802000E2137000,802000,2137000,2010,Taunggoo,Yedashe,47
N802000E2139000,802000,2139000,2010,Taunggoo,Yedashe,47
N802000E2141000,802000,2141000,2010,Taunggoo,Yedashe,47
N802000E2143000,802000,2143000,2010,Taunggoo,Yedashe,47
N802000E2145000,802000,2145000,2010,Taunggoo,Yedashe,47
N802000E2147000,802000,2147000,2010,Taunggoo,Yedashe,47
N802000E2149000,802000,2149000,2010,Taunggoo,Yedashe,47
N802000E2151000,802000,2151000,2010,Taunggoo,Yedashe,47
N802022E2072062,802022,2072062,2011,Thayarwaddy,Nattalin,47
N802024E2030000,802024,2030000,2011,Thayarwaddy,Gyobingauk,47
N803939E2077963,803939,2077963,2011,Thayarwaddy,Nattalin,47
N803960E2073907,803960,2073907,2011,Thayarwaddy,Nattalin,47
N803961E2075907,803961,2075907,2011,Thayarwaddy,Nattalin,47
N803972E2072041,803972,2072041,2011,Thayarwaddy,Nattalin,47
N803981E2061915,803981,2061915,2011,Thayarwaddy,Nattalin,47
N803982E2050027,803982,2050027,2011,Thayarwaddy,Nattalin,47
N803992E1988003,803992,1988003,2011,Thayarwaddy,Minhla,47
N803998E2056006,803998,2056006,2011,Thayarwaddy,Nattalin,47
N804000E1978000,804000,1978000,2011,Thayarwaddy,Letpadan,47
N804000E1981999,804000,1981999,2011,Thayarwaddy,Letpadan,47
N804000E1990000,804000,1990000,2011,Thayarwaddy,Letpadan,47
N804000E1994000,804000,1994000,2011,Thayarwaddy,Letpadan,47
N804000E2010000,804000,2010000,2011,Thayarwaddy,Okpo,47
N804000E2011999,804000,2011999,2011,Thayarwaddy,Okpo,47
N804000E2079000,804000,2079000,2010,Taunggoo,Phyu,47
N804000E2081000,804000,2081000,2010,Taunggoo,Phyu,47
N804000E2083000,804000,2083000,2010,Taunggoo,Oktwin,47
N804000E2085000,804000,2085000,2010,Taunggoo,Oktwin,47
N804000E2087000,804000,2087000,2010,Taunggoo,Oktwin,47
N804000E2091000,804000,2091000,2010,Taunggoo,Oktwin,47
N804000E2097000,804000,2097000,2010,Taunggoo,Oktwin,47
N804000E2099000,804000,2099000,2010,Taunggoo,Taunggoo,47
N804000E2101000,804000,2101000,2010,Taunggoo,Taunggoo,47
N804000E2103000,804000,2103000,2010,Taunggoo,Taunggoo,47
N804000E2105000,804000,2105000,2010,Taunggoo,Taunggoo,47
N804000E2107000,804000,2107000,2010,Taunggoo,Taunggoo,47
N804000E2109000,804000,2109000,2010,Taunggoo,Taunggoo,47
N804000E2111000,804000,2111000,2010,Taunggoo,Taunggoo,47
N804000E2113000,804000,2113000,2010,Taunggoo,Taunggoo,47
N804000E2115000,804000,2115000,2010,Taunggoo,Taunggoo,47
N804000E2117000,804000,2117000,2010,Taunggoo,Yedashe,47
N804000E2119000,804000,2119000,2010,Taunggoo,Yedashe,47
N804000E2121000,804000,2121000,2010,Taunggoo,Yedashe,47
N804000E2123000,804000,2123000,2010,Taunggoo,Yedashe,47
N804000E2125000,804000,2125000,2010,Taunggoo,Yedashe,47
N804000E2127000,804000,2127000,2010,Taunggoo,Yedashe,47
N804000E2129000,804000,2129000,2010,Taunggoo,Yedashe,47
N804000E2131000,804000,2131000,2010,Taunggoo,Yedashe,47
N804000E2133000,804000,2133000,2010,Taunggoo,Yedashe,47
N804000E2135000,804000,2135000,2010,Taunggoo,Yedashe,47
N804000E2137000,804000,2137000,2010,Taunggoo,Yedashe,47
N804000E2139000,804000,2139000,2010,Taunggoo,Yedashe,47
N804000E2141000,804000,2141000,2010,Taunggoo,Yedashe,47
N804000E2143000,804000,2143000,2010,Taunggoo,Yedashe,47
N804000E2145000,804000,2145000,2010,Taunggoo,Yedashe,47
N804000E2147000,804000,2147000,2010,Taunggoo,Yedashe,47
N804000E2149000,804000,2149000,2010,Taunggoo,Yedashe,47
N804000E2151000,804000,2151000,2010,Taunggoo,Yedashe,47
N804001E1997997,804001,1997997,2011,Thayarwaddy,Minhla,47
N804004E1996001,804004,1996001,2011,Thayarwaddy,Minhla,47
N804006E2014001,804006,2014001,2011,Thayarwaddy,Okpo,47
N804006E2058001,804006,2058001,2011,Thayarwaddy,Nattalin,47
N804008E2060004,804008,2060004,2011,Thayarwaddy,Nattalin,47
N804009E2054000,804009,2054000,2011,Thayarwaddy,Nattalin,47
N804015E2029965,804015,2029965,2011,Thayarwaddy,Gyobingauk,47
N804024E2069973,804024,2069973,2011,Thayarwaddy,Nattalin,47
N804026E2063965,804026,2063965,2011,Thayarwaddy,Nattalin,47
N804060E2033962,804060,2033962,2011,Thayarwaddy,Gyobingauk,47
N804074E2026081,804074,2026081,2011,Thayarwaddy,Okpo,47
N804090E2067994,804090,2067994,2011,Thayarwaddy,Nattalin,47
N804101E2028069,804101,2028069,2011,Thayarwaddy,Okpo,47
N805282E1994027,805282,1994027,2011,Thayarwaddy,Letpadan,47
N805939E2065965,805939,2065965,2011,Thayarwaddy,Nattalin,47
N805940E2068038,805940,2068038,2011,Thayarwaddy,Nattalin,47
N805955E2030053,805955,2030053,2011,Thayarwaddy,Gyobingauk,47
N805960E2069925,805960,2069925,2011,Thayarwaddy,Nattalin,47
N805960E2073930,805960,2073930,2011,Thayarwaddy,Nattalin,47
N805962E2032026,805962,2032026,2011,Thayarwaddy,Gyobingauk,47
N805969E2071933,805969,2071933,2011,Thayarwaddy,Nattalin,47
N805986E2026077,805986,2026077,2011,Thayarwaddy,Okpo,47
N805993E2023999,805993,2023999,2011,Thayarwaddy,Okpo,47
N805995E1998006,805995,1998006,2011,Thayarwaddy,Minhla,47
N805997E1981993,805997,1981993,2011,Thayarwaddy,Letpadan,47
N805998E2060003,805998,2060003,2011,Thayarwaddy,Nattalin,47
N805999E2052006,805999,2052006,2011,Thayarwaddy,Nattalin,47
N806000E1980000,806000,1980000,2011,Thayarwaddy,Letpadan,47
N806000E1992000,806000,1992000,2011,Thayarwaddy,Letpadan,47
N806000E2073000,806000,2073000,2010,Taunggoo,Phyu,47
N806000E2077000,806000,2077000,2010,Taunggoo,Phyu,47
N806000E2079000,806000,2079000,2010,Taunggoo,Phyu,47
N806000E2081000,806000,2081000,2010,Taunggoo,Oktwin,47
N806000E2083000,806000,2083000,2010,Taunggoo,Oktwin,47
N806000E2085000,806000,2085000,2010,Taunggoo,Oktwin,47
N806000E2089000,806000,2089000,2010,Taunggoo,Oktwin,47
N806000E2091000,806000,2091000,2010,Taunggoo,Oktwin,47
N806000E2093000,806000,2093000,2010,Taunggoo,Oktwin,47
N806000E2095000,806000,2095000,2010,Taunggoo,Oktwin,47
N806000E2097000,806000,2097000,2010,Taunggoo,Oktwin,47
N806000E2101000,806000,2101000,2010,Taunggoo,Taunggoo,47
N806000E2103000,806000,2103000,2010,Taunggoo,Taunggoo,47
N806000E2105000,806000,2105000,2010,Taunggoo,Taunggoo,47
N806000E2107000,806000,2107000,2010,Taunggoo,Taunggoo,47
N806000E2109000,806000,2109000,2010,Taunggoo,Taunggoo,47
N806000E2111000,806000,2111000,2010,Taunggoo,Taunggoo,47
N806000E2113000,806000,2113000,2010,Taunggoo,Taunggoo,47
N806000E2115000,806000,2115000,2010,Taunggoo,Taunggoo,47
N806000E2117000,806000,2117000,2010,Taunggoo,Yedashe,47
N806000E2119000,806000,2119000,2010,Taunggoo,Yedashe,47
N806000E2121000,806000,2121000,2010,Taunggoo,Yedashe,47
N806000E2123000,806000,2123000,2010,Taunggoo,Yedashe,47
N806000E2125000,806000,2125000,2010,Taunggoo,Yedashe,47
N806000E2127000,806000,2127000,2010,Taunggoo,Yedashe,47
N806000E2129000,806000,2129000,2010,Taunggoo,Yedashe,47
N806000E2131000,806000,2131000,2010,Taunggoo,Yedashe,47
N806000E2133000,806000,2133000,2010,Taunggoo,Yedashe,47
N806000E2135000,806000,2135000,2010,Taunggoo,Yedashe,47
N806000E2137000,806000,2137000,2010,Taunggoo,Yedashe,47
N806000E2139000,806000,2139000,2010,Taunggoo,Yedashe,47
N806000E2141000,806000,2141000,2010,Taunggoo,Yedashe,47
N806000E2143000,806000,2143000,2010,Taunggoo,Yedashe,47
N806000E2145000,806000,2145000,2010,Taunggoo,Yedashe,47
N806000E2147000,806000,2147000,2010,Taunggoo,Yedashe,47
N806000E2149000,806000,2149000,2010,Taunggoo,Yedashe,47
N806000E2151000,806000,2151000,2010,Taunggoo,Yedashe,47
N806000E2153000,806000,2153000,2010,Taunggoo,Yedashe,47
N806000E2155000,806000,2155000,2010,Taunggoo,Yedashe,47
N806003E2000003,806003,2000003,2011,Thayarwaddy,Minhla,47
N806004E2050003,806004,2050003,2011,Thayarwaddy,Nattalin,47
N806005E1985950,806005,1985950,2011,Thayarwaddy,Letpadan,47
N806005E2048000,806005,2048000,2011,Thayarwaddy,Nattalin,47
N806006E1969961,806006,1969961,2011,Thayarwaddy,Letpadan,47
N806006E1989984,806006,1989984,2011,Thayarwaddy,Letpadan,47
N806006E2046001,806006,2046001,2011,Thayarwaddy,Nattalin,47
N806007E2057998,806007,2057998,2011,Thayarwaddy,Nattalin,47
N806009E2002007,806009,2002007,2011,Thayarwaddy,Minhla,47
N806009E2051996,806009,2051996,2011,Thayarwaddy,Nattalin,47
N806012E2028029,806012,2028029,2011,Thayarwaddy,Okpo,47
N806016E2003975,806016,2003975,2011,Thayarwaddy,Okpo,47
N806027E1968009,806027,1968009,2011,Thayarwaddy,Letpadan,47
N806049E1983964,806049,1983964,2011,Thayarwaddy,Letpadan,47
N806051E2056023,806051,2056023,2011,Thayarwaddy,Nattalin,47
N806061E2054072,806061,2054072,2011,Thayarwaddy,Nattalin,47
N806082E2022018,806082,2022018,2011,Thayarwaddy,Okpo,47
N806094E2018013,806094,2018013,2011,Thayarwaddy,Okpo,47
N807762E1995991,807762,1995991,2011,Thayarwaddy,Letpadan,47
N807905E2040018,807905,2040018,2011,Thayarwaddy,Gyobingauk,47
N807930E2065960,807930,2065960,2011,Thayarwaddy,Nattalin,47
N807935E2023991,807935,2023991,2011,Thayarwaddy,Okpo,47
N807940E2063925,807940,2063925,2011,Thayarwaddy,Nattalin,47
N807942E2015992,807942,2015992,2011,Thayarwaddy,Okpo,47
N807958E2067528,807958,2067528,2011,Thayarwaddy,Nattalin,47
N807960E1992043,807960,1992043,2011,Thayarwaddy,Letpadan,47
N807968E2020068,807968,2020068,2011,Thayarwaddy,Okpo,47
N807974E1979913,807974,1979913,2011,Thayarwaddy,Letpadan,47
N807997E1994001,807997,1994001,2011,Thayarwaddy,Letpadan,47
N807999E1976000,807999,1976000,2011,Thayarwaddy,Letpadan,47
N808000E1998006,808000,1998006,2011,Thayarwaddy,Minhla,47
N808000E2002000,808000,2002000,2011,Thayarwaddy,Minhla,47
N808000E2047000,808000,2047000,2010,Taunggoo,Phyu,47
N808000E2071000,808000,2071000,2010,Taunggoo,Phyu,47
N808000E2073000,808000,2073000,2010,Taunggoo,Phyu,47
N808000E2074000,808000,2074000,2010,Taunggoo,Phyu,47
N808000E2075000,808000,2075000,2010,Taunggoo,Phyu,47
N808000E2077000,808000,2077000,2010,Taunggoo,Phyu,47
N808000E2081000,808000,2081000,2010,Taunggoo,Oktwin,47
N808000E2083000,808000,2083000,2010,Taunggoo,Oktwin,47
N808000E2087000,808000,2087000,2010,Taunggoo,Oktwin,47
N808000E2089000,808000,2089000,2010,Taunggoo,Oktwin,47
N808000E2091000,808000,2091000,2010,Taunggoo,Oktwin,47
N808000E2093000,808000,2093000,2010,Taunggoo,Oktwin,47
N808000E2095000,808000,2095000,2010,Taunggoo,Oktwin,47
N808000E2101000,808000,2101000,2010,Taunggoo,Taunggoo,47
N808000E2103000,808000,2103000,2010,Taunggoo,Taunggoo,47
N808000E2105000,808000,2105000,2010,Taunggoo,Taunggoo,47
N808000E2107000,808000,2107000,2010,Taunggoo,Taunggoo,47
N808000E2109000,808000,2109000,2010,Taunggoo,Taunggoo,47
N808000E2111000,808000,2111000,2010,Taunggoo,Taunggoo,47
N808000E2113000,808000,2113000,2010,Taunggoo,Taunggoo,47
N808000E2115000,808000,2115000,2010,Taunggoo,Taunggoo,47
N808000E2117000,808000,2117000,2010,Taunggoo,Yedashe,47
N808000E2119000,808000,2119000,2010,Taunggoo,Yedashe,47
N808000E2121000,808000,2121000,2010,Taunggoo,Yedashe,47
N808000E2123000,808000,2123000,2010,Taunggoo,Yedashe,47
N808000E2125000,808000,2125000,2010,Taunggoo,Yedashe,47
N808000E2127000,808000,2127000,2010,Taunggoo,Yedashe,47
N808000E2129000,808000,2129000,2010,Taunggoo,Yedashe,47
N808000E2131000,808000,2131000,2010,Taunggoo,Yedashe,47
N808000E2133000,808000,2133000,2010,Taunggoo,Yedashe,47
N808000E2135000,808000,2135000,2010,Taunggoo,Yedashe,47
N808000E2137000,808000,2137000,2010,Taunggoo,Yedashe,47
N808000E2139000,808000,2139000,2010,Taunggoo,Yedashe,47
N808000E2141000,808000,2141000,2010,Taunggoo,Yedashe,47
N808000E2145000,808000,2145000,2010,Taunggoo,Yedashe,47
N808000E2147000,808000,2147000,2010,Taunggoo,Yedashe,47
N808000E2149000,808000,2149000,2010,Taunggoo,Yedashe,47
N808000E2151000,808000,2151000,2010,Taunggoo,Yedashe,47
N808000E2153000,808000,2153000,2010,Taunggoo,Yedashe,47
N808000E2155000,808000,2155000,2010,Taunggoo,Yedashe,47
N808000E2197000,808000,2197000,2010,Taunggoo,Taunggoo,47
N808000E2199000,808000,2199000,2010,Taunggoo,Taunggoo,47
N808001E2008000,808001,2008000,2011,Thayarwaddy,Okpo,47
N808001E2053999,808001,2053999,2011,Thayarwaddy,Nattalin,47
N808002E2060001,808002,2060001,2011,Thayarwaddy,Nattalin,47
N808003E1972005,808003,1972005,2011,Thayarwaddy,Letpadan,47
N808003E1974000,808003,1974000,2011,Thayarwaddy,Letpadan,47
N808003E2036063,808003,2036063,2011,Thayarwaddy,Gyobingauk,47
N808003E2055984,808003,2055984,2011,Thayarwaddy,Nattalin,47
N808003E2058007,808003,2058007,2011,Thayarwaddy,Nattalin,47
N808005E2051993,808005,2051993,2011,Thayarwaddy,Nattalin,47
N808007E2004001,808007,2004001,2011,Thayarwaddy,Minhla,47
N808007E2061998,808007,2061998,2011,Thayarwaddy,Nattalin,47
N808008E1999979,808008,1999979,2011,Thayarwaddy,Minhla,47
N808009E2013972,808009,2013972,2011,Thayarwaddy,Okpo,47
N808016E1981976,808016,1981976,2011,Thayarwaddy,Letpadan,47
N808021E2050089,808021,2050089,2011,Thayarwaddy,Nattalin,47
N808022E2026017,808022,2026017,2011,Thayarwaddy,Okpo,47
N808023E1977992,808023,1977992,2011,Thayarwaddy,Letpadan,47
N808038E1983965,808038,1983965,2011,Thayarwaddy,Letpadan,47
N808062E1985934,808062,1985934,2011,Thayarwaddy,Letpadan,47
N808074E1967949,808074,1967949,2011,Thayarwaddy,Letpadan,47
N808096E2038032,808096,2038032,2011,Thayarwaddy,Gyobingauk,47
N808106E2042006,808106,2042006,2011,Thayarwaddy,Nattalin,47
N809804E1993953,809804,1993953,2011,Thayarwaddy,Letpadan,47
N809873E2033934,809873,2033934,2011,Thayarwaddy,Gyobingauk,47
N809916E2015976,809916,2015976,2011,Thayarwaddy,Okpo,47
N809925E2011966,809925,2011966,2011,Thayarwaddy,Okpo,47
N809934E2063929,809934,2063929,2011,Thayarwaddy,Nattalin,47
N809960E2065926,809960,2065926,2011,Thayarwaddy,Nattalin,47
N809963E2014004,809963,2014004,2011,Thayarwaddy,Okpo,47
N809967E2010099,809967,2010099,2011,Thayarwaddy,Okpo,47
N809971E1973936,809971,1973936,2011,Thayarwaddy,Letpadan,47
N809980E2073916,809980,2073916,2011,Thayarwaddy,Nattalin,47
N809983E1984057,809983,1984057,2011,Thayarwaddy,Letpadan,47
N809984E1970022,809984,1970022,2011,Thayarwaddy,Letpadan,47
N809987E2024082,809987,2024082,2011,Thayarwaddy,Okpo,47
N809987E2058004,809987,2058004,2011,Thayarwaddy,Nattalin,47
N809991E1990058,809991,1990058,2011,Thayarwaddy,Letpadan,47
N809992E1980005,809992,1980005,2011,Thayarwaddy,Letpadan,47
N809999E1982001,809999,1982001,2011,Thayarwaddy,Letpadan,47
N809999E1997999,809999,1997999,2011,Thayarwaddy,Letpadan,47
N809999E2052001,809999,2052001,2011,Thayarwaddy,Nattalin,47
N810000E1997999,810000,1997999,2011,Thayarwaddy,Letpadan,47
N810000E2000002,810000,2000002,2011,Thayarwaddy,Minhla,47
N810000E2001999,810000,2001999,2011,Thayarwaddy,Minhla,47
N810000E2037000,810000,2037000,2010,Taunggoo,Phyu,47
N810000E2045000,810000,2045000,2010,Taunggoo,Phyu,47
N810000E2047000,810000,2047000,2010,Taunggoo,Phyu,47
N810000E2049000,810000,2049000,2010,Taunggoo,Phyu,47
N810000E2067000,810000,2067000,2010,Taunggoo,Phyu,47
N810000E2069000,810000,2069000,2010,Taunggoo,Phyu,47
N810000E2071000,810000,2071000,2010,Taunggoo,Phyu,47
N810000E2075000,810000,2075000,2010,Taunggoo,Phyu,47
N810000E2077000,810000,2077000,2010,Taunggoo,Phyu,47
N810000E2081000,810000,2081000,2010,Taunggoo,Oktwin,47
N810000E2085000,810000,2085000,2010,Taunggoo,Oktwin,47
N810000E2087000,810000,2087000,2010,Taunggoo,Oktwin,47
N810000E2089000,810000,2089000,2010,Taunggoo,Oktwin,47
N810000E2091000,810000,2091000,2010,Taunggoo,Oktwin,47
N810000E2101000,810000,2101000,2010,Taunggoo,Taunggoo,47
N810000E2103000,810000,2103000,2010,Taunggoo,Taunggoo,47
N810000E2105000,810000,2105000,2010,Taunggoo,Taunggoo,47
N810000E2107000,810000,2107000,2010,Taunggoo,Taunggoo,47
N810000E2109000,810000,2109000,2010,Taunggoo,Taunggoo,47
N810000E2111000,810000,2111000,2010,Taunggoo,Taunggoo,47
N810000E2113000,810000,2113000,2010,Taunggoo,Taunggoo,47
N810000E2115000,810000,2115000,2010,Taunggoo,Yedashe,47
N810000E2117000,810000,2117000,2010,Taunggoo,Yedashe,47
N810000E2119000,810000,2119000,2010,Taunggoo,Yedashe,47
N810000E2121000,810000,2121000,2010,Taunggoo,Yedashe,47
N810000E2123000,810000,2123000,2010,Taunggoo,Yedashe,47
N810000E2125000,810000,2125000,2010,Taunggoo,Yedashe,47
N810000E2127000,810000,2127000,2010,Taunggoo,Yedashe,47
N810000E2129000,810000,2129000,2010,Taunggoo,Yedashe,47
N810000E2131000,810000,2131000,2010,Taunggoo,Yedashe,47
N810000E2133000,810000,2133000,2010,Taunggoo,Yedashe,47
N810000E2135000,810000,2135000,2010,Taunggoo,Yedashe,47
N810000E2137000,810000,2137000,2010,Taunggoo,Yedashe,47
N810000E2139000,810000,2139000,2010,Taunggoo,Yedashe,47
N810000E2141000,810000,2141000,2010,Taunggoo,Yedashe,47
N810000E2145000,810000,2145000,2010,Taunggoo,Yedashe,47
N810000E2147000,810000,2147000,2010,Taunggoo,Yedashe,47
N810000E2149000,810000,2149000,2010,Taunggoo,Yedashe,47
N810000E2151000,810000,2151000,2010,Taunggoo,Yedashe,47
N810000E2153000,810000,2153000,2010,Taunggoo,Yedashe,47
N810000E2155000,810000,2155000,2010,Taunggoo,Yedashe,47
N810000E2195000,810000,2195000,2010,Taunggoo,Taunggoo,47
N810000E2197000,810000,2197000,2010,Taunggoo,Taunggoo,47
N810000E2199000,810000,2199000,2010,Taunggoo,Taunggoo,47
N810001E2056000,810001,2056000,2011,Thayarwaddy,Nattalin,47
N810004E2060001,810004,2060001,2011,Thayarwaddy,Nattalin,47
N810005E1961996,810005,1961996,2011,Thayarwaddy,Tharrawaddy,47
N810007E2054056,810007,2054056,2011,Thayarwaddy,Nattalin,47
N810008E2026032,810008,2026032,2011,Thayarwaddy,Okpo,47
N810008E2062004,810008,2062004,2011,Thayarwaddy,Nattalin,47
N810010E2020003,810010,2020003,2011,Thayarwaddy,Okpo,47
N810012E1996024,810012,1996024,2011,Thayarwaddy,Letpadan,47
N810013E1972002,810013,1972002,2011,Thayarwaddy,Letpadan,47
N810021E1991934,810021,1991934,2011,Thayarwaddy,Letpadan,47
N810023E1969995,810023,1969995,2011,Thayarwaddy,Tharrawaddy,47
N810062E1985934,810062,1985934,2011,Thayarwaddy,Letpadan,47
N810074E2033984,810074,2033984,2011,Thayarwaddy,Gyobingauk,47
N810075E1977985,810075,1977985,2011,Thayarwaddy,Letpadan,47
N810079E2036013,810079,2036013,2011,Thayarwaddy,Gyobingauk,47
N810082E2038003,810082,2038003,2011,Thayarwaddy,Gyobingauk,47
N810093E2030052,810093,2030052,2011,Thayarwaddy,Gyobingauk,47
N810099E2032040,810099,2032040,2011,Thayarwaddy,Gyobingauk,47
N810106E2028096,810106,2028096,2011,Thayarwaddy,Gyobingauk,47
N811000E2197000,811000,2197000,2010,Taunggoo,Taunggoo,47
N811000E2199000,811000,2199000,2010,Taunggoo,Taunggoo,47
N811763E1998107,811763,1998107,2011,Thayarwaddy,Letpadan,47
N811814E1996043,811814,1996043,2011,Thayarwaddy,Letpadan,47
N811942E1981937,811942,1981937,2011,Thayarwaddy,Letpadan,47
N811949E2014028,811949,2014028,2011,Thayarwaddy,Okpo,47
N811960E1969965,811960,1969965,2011,Thayarwaddy,Tharrawaddy,47
N811960E2063921,811960,2063921,2011,Thayarwaddy,Nattalin,47
N811973E2005971,811973,2005971,2011,Thayarwaddy,Okpo,47
N811978E2029895,811978,2029895,2011,Thayarwaddy,Gyobingauk,47
N811981E1957950,811981,1957950,2011,Thayarwaddy,Tharrawaddy,47
N811984E1964018,811984,1964018,2011,Thayarwaddy,Tharrawaddy,47
N811992E1980005,811992,1980005,2011,Thayarwaddy,Letpadan,47
N811993E1974113,811993,1974113,2011,Thayarwaddy,Tharrawaddy,47
N811997E1962015,811997,1962015,2011,Thayarwaddy,Tharrawaddy,47
N811997E2020110,811997,2020110,2011,Thayarwaddy,Okpo,47
N811999E1971995,811999,1971995,2011,Thayarwaddy,Tharrawaddy,47
N812000E1975997,812000,1975997,2011,Thayarwaddy,Tharrawaddy,47
N812000E2024098,812000,2024098,2011,Thayarwaddy,Gyobingauk,47
N812000E2043000,812000,2043000,2010,Taunggoo,Phyu,47
N812000E2045000,812000,2045000,2010,Taunggoo,Phyu,47
N812000E2047000,812000,2047000,2010,Taunggoo,Phyu,47
N812000E2049000,812000,2049000,2010,Taunggoo,Phyu,47
N812000E2054015,812000,2054015,2011,Thayarwaddy,Nattalin,47
N812000E2057000,812000,2057000,2010,Taunggoo,Phyu,47
N812000E2059000,812000,2059000,2010,Taunggoo,Phyu,47
N812000E2067000,812000,2067000,2010,Taunggoo,Phyu,47
N812000E2069000,812000,2069000,2010,Taunggoo,Phyu,47
N812000E2073000,812000,2073000,2010,Taunggoo,Phyu,47
N812000E2075000,812000,2075000,2010,Taunggoo,Phyu,47
N812000E2081000,812000,2081000,2010,Taunggoo,Oktwin,47
N812000E2083000,812000,2083000,2010,Taunggoo,Oktwin,47
N812000E2085000,812000,2085000,2010,Taunggoo,Oktwin,47
N812000E2087000,812000,2087000,2010,Taunggoo,Oktwin,47
N812000E2089000,812000,2089000,2010,Taunggoo,Oktwin,47
N812000E2091000,812000,2091000,2010,Taunggoo,Phyu,47
N812000E2093000,812000,2093000,2010,Taunggoo,Oktwin,47
N812000E2095000,812000,2095000,2010,Taunggoo,Taunggoo,47
N812000E2097000,812000,2097000,2010,Taunggoo,Oktwin,47
N812000E2103000,812000,2103000,2010,Taunggoo,Taunggoo,47
N812000E2105000,812000,2105000,2010,Taunggoo,Taunggoo,47
N812000E2107000,812000,2107000,2010,Taunggoo,Taunggoo,47
N812000E2109000,812000,2109000,2010,Taunggoo,Taunggoo,47
N812000E2111000,812000,2111000,2010,Taunggoo,Taunggoo,47
N812000E2113000,812000,2113000,2010,Taunggoo,Yedashe,47
N812000E2115000,812000,2115000,2010,Taunggoo,Yedashe,47
N812000E2117000,812000,2117000,2010,Taunggoo,Yedashe,47
N812000E2119000,812000,2119000,2010,Taunggoo,Yedashe,47
N812000E2121000,812000,2121000,2010,Taunggoo,Yedashe,47
N812000E2121997,812000,2121997,2011,Thayarwaddy,Okpo,47
N812000E2123000,812000,2123000,2010,Taunggoo,Yedashe,47
N812000E2125000,812000,2125000,2010,Taunggoo,Yedashe,47
N812000E2127000,812000,2127000,2010,Taunggoo,Yedashe,47
N812000E2129000,812000,2129000,2010,Taunggoo,Yedashe,47
N812000E2131000,812000,2131000,2010,Taunggoo,Yedashe,47
N812000E2133000,812000,2133000,2010,Taunggoo,Yedashe,47
N812000E2135000,812000,2135000,2010,Taunggoo,Yedashe,47
N812000E2137000,812000,2137000,2010,Taunggoo,Yedashe,47
N812000E2139000,812000,2139000,2010,Taunggoo,Yedashe,47
N812000E2141000,812000,2141000,2010,Taunggoo,Yedashe,47
N812000E2145000,812000,2145000,2010,Taunggoo,Yedashe,47
N812000E2147000,812000,2147000,2010,Taunggoo,Yedashe,47
N812000E2149000,812000,2149000,2010,Taunggoo,Yedashe,47
N812000E2151000,812000,2151000,2010,Taunggoo,Yedashe,47
N812000E2153000,812000,2153000,2010,Taunggoo,Yedashe,47
N812000E2155000,812000,2155000,2010,Taunggoo,Yedashe,47
N812001E2000008,812001,2000008,2011,Thayarwaddy,Minhla,47
N812002E2050001,812002,2050001,2011,Thayarwaddy,Nattalin,47
N812003E1960006,812003,1960006,2011,Thayarwaddy,Tharrawaddy,47
N812003E2026028,812003,2026028,2011,Thayarwaddy,Gyobingauk,47
N812005E2062001,812005,2062001,2011,Thayarwaddy,Nattalin,47
N812007E2002000,812007,2002000,2011,Thayarwaddy,Minhla,47
N812010E1965978,812010,1965978,2011,Thayarwaddy,Tharrawaddy,47
N812024E1977994,812024,1977994,2011,Thayarwaddy,Tharrawaddy,47
N812025E1993995,812025,1993995,2011,Thayarwaddy,Letpadan,47
N812027E2011997,812027,2011997,2011,Thayarwaddy,Okpo,47
N812035E2056009,812035,2056009,2011,Thayarwaddy,Nattalin,47
N812046E2052032,812046,2052032,2011,Thayarwaddy,Nattalin,47
N812053E2032079,812053,2032079,2011,Thayarwaddy,Gyobingauk,47
N812055E2028096,812055,2028096,2011,Thayarwaddy,Gyobingauk,47
N812072E2036006,812072,2036006,2011,Thayarwaddy,Gyobingauk,47
N812080E2034004,812080,2034004,2011,Thayarwaddy,Gyobingauk,47
N812114E2008027,812114,2008027,2011,Thayarwaddy,Okpo,47
N812120E1984016,812120,1984016,2011,Thayarwaddy,Letpadan,47
N813319E1999657,813319,1999657,2011,Thayarwaddy,Letpadan,47
N813364E2010025,813364,2010025,2011,Thayarwaddy,Okpo,47
N813883E2029947,813883,2029947,2011,Thayarwaddy,Gyobingauk,47
N813933E1964018,813933,1964018,2011,Thayarwaddy,Tharrawaddy,47
N813951E1984008,813951,1984008,2011,Thayarwaddy,Letpadan,47
N813955E1981961,813955,1981961,2011,Thayarwaddy,Letpadan,47
N813959E1988053,813959,1988053,2011,Thayarwaddy,Letpadan,47
N813973E1994039,813973,1994039,2011,Thayarwaddy,Letpadan,47
N813974E1986047,813974,1986047,2011,Thayarwaddy,Letpadan,47
N813976E2002004,813976,2002004,2011,Thayarwaddy,Minhla,47
N813977E2019960,813977,2019960,2011,Thayarwaddy,Okpo,47
N813988E1992022,813988,1992022,2011,Thayarwaddy,Letpadan,47
N813993E1977995,813993,1977995,2011,Thayarwaddy,Tharrawaddy,47
N813995E1975993,813995,1975993,2011,Thayarwaddy,Tharrawaddy,47
N813995E1979993,813995,1979993,2011,Thayarwaddy,Tharrawaddy,47
N813996E1961973,813996,1961973,2011,Thayarwaddy,Tharrawaddy,47
N813996E2004000,813996,2004000,2011,Thayarwaddy,Minhla,47
N813997E1965995,813997,1965995,2011,Thayarwaddy,Tharrawaddy,47
N813999E1997999,813999,1997999,2011,Thayarwaddy,Letpadan,47
N814000E2005986,814000,2005986,2011,Thayarwaddy,Okpo,47
N814000E2043000,814000,2043000,2010,Taunggoo,Phyu,47
N814000E2045000,814000,2045000,2010,Taunggoo,Phyu,47
N814000E2047000,814000,2047000,2010,Taunggoo,Phyu,47
N814000E2049000,814000,2049000,2010,Taunggoo,Phyu,47
N814000E2051000,814000,2051000,2010,Taunggoo,Phyu,47
N814000E2053000,814000,2053000,2010,Taunggoo,Phyu,47
N814000E2055000,814000,2055000,2010,Taunggoo,Phyu,47
N814000E2057000,814000,2057000,2010,Taunggoo,Phyu,47
N814000E2061000,814000,2061000,2010,Taunggoo,Phyu,47
N814000E2063000,814000,2063000,2010,Taunggoo,Phyu,47
N814000E2065000,814000,2065000,2010,Taunggoo,Phyu,47
N814000E2067000,814000,2067000,2010,Taunggoo,Phyu,47
N814000E2069000,814000,2069000,2010,Taunggoo,Phyu,47
N814000E2071000,814000,2071000,2010,Taunggoo,Phyu,47
N814000E2073000,814000,2073000,2010,Taunggoo,Phyu,47
N814000E2077000,814000,2077000,2010,Taunggoo,Oktwin,47
N814000E2079000,814000,2079000,2010,Taunggoo,Oktwin,47
N814000E2081000,814000,2081000,2010,Taunggoo,Oktwin,47
N814000E2083000,814000,2083000,2010,Taunggoo,Oktwin,47
N814000E2085000,814000,2085000,2010,Taunggoo,Oktwin,47
N814000E2087000,814000,2087000,2010,Taunggoo,Oktwin,47
N814000E2089000,814000,2089000,2010,Taunggoo,Oktwin,47
N814000E2091000,814000,2091000,2010,Taunggoo,Oktwin,47
N814000E2093000,814000,2093000,2010,Taunggoo,Oktwin,47
N814000E2095000,814000,2095000,2010,Taunggoo,Phyu,47
N814000E2101000,814000,2101000,2010,Taunggoo,Taunggoo,47
N814000E2105000,814000,2105000,2010,Taunggoo,Taunggoo,47
N814000E2107000,814000,2107000,2010,Taunggoo,Taunggoo,47
N814000E2109000,814000,2109000,2010,Taunggoo,Taunggoo,47
N814000E2111000,814000,2111000,2010,Taunggoo,Taunggoo,47
N814000E2113000,814000,2113000,2010,Taunggoo,Yedashe,47
N814000E2115000,814000,2115000,2010,Taunggoo,Yedashe,47
N814000E2117000,814000,2117000,2010,Taunggoo,Yedashe,47
N814000E2119000,814000,2119000,2010,Taunggoo,Yedashe,47
N814000E2121000,814000,2121000,2010,Taunggoo,Yedashe,47
N814000E2123000,814000,2123000,2010,Taunggoo,Yedashe,47
N814000E2125000,814000,2125000,2010,Taunggoo,Yedashe,47
N814000E2131000,814000,2131000,2010,Taunggoo,Yedashe,47
N814000E2133000,814000,2133000,2010,Taunggoo,Yedashe,47
N814000E2135000,814000,2135000,2010,Taunggoo,Yedashe,47
N814000E2137000,814000,2137000,2010,Taunggoo,Yedashe,47
N814000E2139000,814000,2139000,2010,Taunggoo,Yedashe,47
N814000E2141000,814000,2141000,2010,Taunggoo,Yedashe,47
N814000E2143000,814000,2143000,2010,Taunggoo,Yedashe,47
N814000E2145000,814000,2145000,2010,Taunggoo,Yedashe,47
N814000E2147000,814000,2147000,2010,Taunggoo,Yedashe,47
N814000E2149000,814000,2149000,2010,Taunggoo,Yedashe,47
N814000E2193000,814000,2193000,2010,Taunggoo,Taunggoo,47
N814000E2195000,814000,2195000,2010,Taunggoo,Taunggoo,47
N814000E2197000,814000,2197000,2010,Taunggoo,Taunggoo,47
N814000E2199000,814000,2199000,2010,Taunggoo,Taunggoo,47
N814007E1996013,814007,1996013,2011,Thayarwaddy,Letpadan,47
N814011E2008083,814011,2008083,2011,Thayarwaddy,Okpo,47
N814017E2031907,814017,2031907,2011,Thayarwaddy,Gyobingauk,47
N814025E1959995,814025,1959995,2011,Thayarwaddy,Tharrawaddy,47
N814038E2011983,814038,2011983,2011,Thayarwaddy,Okpo,47
N814049E2022043,814049,2022043,2011,Thayarwaddy,Gyobingauk,47
N814066E2024050,814066,2024050,2011,Thayarwaddy,Gyobingauk,47
N814068E2018073,814068,2018073,2011,Thayarwaddy,Okpo,47
N814072E2014096,814072,2014096,2011,Thayarwaddy,Okpo,47
N814080E2034004,814080,2034004,2011,Thayarwaddy,Gyobingauk,47
N814091E2010002,814091,2010002,2011,Thayarwaddy,Okpo,47
N814102E2016058,814102,2016058,2011,Thayarwaddy,Okpo,47
N814114E1989931,814114,1989931,2011,Thayarwaddy,Letpadan,47
N814116E2028026,814116,2028026,2011,Thayarwaddy,Gyobingauk,47
N814136E2025943,814136,2025943,2011,Thayarwaddy,Gyobingauk,47
N815764E1994015,815764,1994015,2011,Thayarwaddy,Letpadan,47
N815916E1990023,815916,1990023,2011,Thayarwaddy,Letpadan,47
N815916E1992023,815916,1992023,2011,Thayarwaddy,Letpadan,47
N815930E2014107,815930,2014107,2011,Thayarwaddy,Okpo,47
N815942E1981937,815942,1981937,2011,Thayarwaddy,Letpadan,47
N815945E2006055,815945,2006055,2011,Thayarwaddy,Okpo,47
N815962E2019987,815962,2019987,2011,Thayarwaddy,Okpo,47
N815987E2017948,815987,2017948,2011,Thayarwaddy,Okpo,47
N815994E2000009,815994,2000009,2011,Thayarwaddy,Letpadan,47
N815995E1977992,815995,1977992,2011,Thayarwaddy,Tharrawaddy,47
N816000E1986000,816000,1986000,2011,Thayarwaddy,Letpadan,47
N816000E1996010,816000,1996010,2011,Thayarwaddy,Letpadan,47
N816000E2002000,816000,2002000,2011,Thayarwaddy,Letpadan,47
N816000E2043000,816000,2043000,2010,Taunggoo,Phyu,47
N816000E2045000,816000,2045000,2010,Taunggoo,Phyu,47
N816000E2047000,816000,2047000,2010,Taunggoo,Phyu,47
N816000E2049000,816000,2049000,2010,Taunggoo,Phyu,47
N816000E2051000,816000,2051000,2010,Taunggoo,Phyu,47
N816000E2053000,816000,2053000,2010,Taunggoo,Phyu,47
N816000E2055000,816000,2055000,2010,Taunggoo,Phyu,47
N816000E2057000,816000,2057000,2010,Taunggoo,Phyu,47
N816007E1984025,816007,1984025,2011,Thayarwaddy,Letpadan,47
N816010E1987922,816010,1987922,2011,Thayarwaddy,Letpadan,47
N816012E2003958,816012,2003958,2011,Thayarwaddy,Minhla,47
N816013E1961979,816013,1961979,2011,Thayarwaddy,Tharrawaddy,47
N816013E2008069,816013,2008069,2011,Thayarwaddy,Okpo,47
N816015E2031895,816015,2031895,2011,Thayarwaddy,Gyobingauk,47
N816022E1976029,816022,1976029,2011,Thayarwaddy,Tharrawaddy,47
N816024E1979995,816024,1979995,2011,Thayarwaddy,Tharrawaddy,47
N816027E1973995,816027,1973995,2011,Thayarwaddy,Tharrawaddy,47
N816030E1997999,816030,1997999,2011,Thayarwaddy,Letpadan,47
N816031E2022015,816031,2022015,2011,Thayarwaddy,Gyobingauk,47
N816057E2012026,816057,2012026,2011,Thayarwaddy,Okpo,47
N816058E2010045,816058,2010045,2011,Thayarwaddy,Okpo,47
N816073E2014068,816073,2014068,2011,Thayarwaddy,Okpo,47
N816084E2028037,816084,2028037,2011,Thayarwaddy,Gyobingauk,47
N816094E2026080,816094,2026080,2011,Thayarwaddy,Gyobingauk,47
N816097E2029958,816097,2029958,2011,Thayarwaddy,Gyobingauk,47
N816101E2016036,816101,2016036,2011,Thayarwaddy,Okpo,47
N816125E2023875,816125,2023875,2011,Thayarwaddy,Gyobingauk,47
N816986E2033907,816986,2033907,2011,Thayarwaddy,Gyobingauk,47
N817684E1983996,817684,1983996,2011,Thayarwaddy,Letpadan,47
N817813E1979993,817813,1979993,2011,Thayarwaddy,Letpadan,47
N206945E265230,765230,2069451,2017,PYAY,Thegon,46